G2,G3,IncludeG3,Index,M2,mb,mc,Order,RequestedOrder,s0,ThetaDeg,Threshold
0.27771807910503316,0.49918951349683377,True,1.,7.023289145938493,4.20383042462871,1.2708785700080751,total,total,54.85453232668432,43.142538819562,29.972438575956918
0.3531024969049439,0.7207396809057209,True,2.,8.969985995088608,4.187187838347554,1.269173266818897,total,total,53.434090243126676,43.381037743294605,29.771876509973254
0.5134662254951009,0.4331044371500176,True,3.,8.839120324728258,4.1829508593462545,1.2853891667481983,total,total,53.84767044579423,43.31490420245102,29.902742640986677
0.27609857955969597,0.7383244856792547,True,4.,8.392317865720695,4.2093645155833155,1.2735177062477814,total,total,54.503732467717086,43.35438944013059,30.061997458471502
0.6274200943635134,0.34121223844302867,True,5.,7.942523298897367,4.180077461341816,1.2753096503047467,total,total,53.61999899459485,43.22864550627889,29.761248537919432
0.33711554746360833,0.7900392120667407,True,6.,7.816300996479921,4.199090116042343,1.2586547212057149,total,total,54.35735232771115,43.35819114281674,29.786978708507824
0.5456556172531725,0.4678558949014971,True,7.,8.315758775837955,4.202801876750095,1.2503127182826603,total,total,54.533953917366915,43.54121534436516,29.736458786559247
0.5287873753193626,0.6372882344114473,True,8.,8.693686461620356,4.190300075410529,1.2510210517464038,total,total,53.78093209572873,43.52414428077176,29.607975608844388
0.6636469266134735,0.3501228551516758,True,9.,7.453988510711984,4.206904041599635,1.2650628918597908,total,total,54.97267584128641,43.31872422565763,29.94242212087335
0.6659825833292647,0.41936890941610583,True,10.,7.402446358723907,4.200733344747498,1.2559861184735766,total,total,53.09494031890677,43.17970853181193,29.77578730029569
0.5306631363363771,0.7566948216330359,True,11.,8.966367462201813,4.194867336248216,1.254860125335032,total,total,53.464623947910454,43.48600545748737,29.699529405534594
0.40296558455669007,0.6914249263536424,True,12.,7.913466099001216,4.164321215403554,1.2899953926944798,total,total,54.12786061369501,43.18108476225485,29.74956966137404
0.5077652941268266,0.5731583128691312,True,13.,7.776543635997067,4.208593187085939,1.2664876880010534,total,total,53.93823790971827,43.246612286959966,29.976510588743345
0.6564780591517552,0.5329827653717782,True,14.,8.837086309328537,4.208470447864473,1.2851758645659823,total,total,53.24523040637896,43.201280088568005,30.180149806080735
0.26588258445179236,0.3758482628892899,True,15.,7.259434749163248,4.183677784974244,1.273139898270675,total,total,53.70740891955182,43.09140154312309,29.776859228174448
0.6308817263923129,0.8258425740253678,True,16.,8.392977629260134,4.182203830101701,1.2830402201334374,total,total,53.9573636107058,43.28063713053418,29.868892528630575
0.308190099421109,0.34443644390613176,True,17.,8.894680161850182,4.16225799735227,1.282387265566376,total,total,54.00344416710912,43.39106748483805,29.644162039022454
0.5715829697751428,0.8230691847053312,True,18.,7.209679884086522,4.195939961471464,1.2871968710472934,total,total,54.69696258121919,43.080913975172585,30.06478952412384
0.6491981022358383,0.4636748312633865,True,19.,7.524944291453604,4.1859567346906585,1.2604306658768543,total,total,53.723136675218676,43.260298602642294,29.663135717060552
0.6961237487913009,0.6820488373970487,True,20.,8.094264736971285,4.167757447213747,1.2837885434854357,total,total,53.621668898416296,43.21202078997631,29.71935368870833
0.35158009553467495,0.8095671683351612,True,21.,7.600162933899538,4.180710788707118,1.2631712082113418,total,total,54.81791372818497,43.358344737693834,29.63585119637292
0.6243213066253616,0.34155637231698094,True,22.,7.268706050683056,4.206821782995534,1.279729891895268,total,total,53.46765585595047,43.01445960777936,30.102249281247058
0.5088366881272054,0.6109823143199736,True,23.,8.206050029267258,4.201439516963164,1.2752543380687207,total,total,54.7087202031476,43.360630617023695,29.994175581744013
0.5332328368458087,0.2870990400114258,True,24.,7.619652872773356,4.168294590409304,1.258784770613451,total,total,54.4822215286265,43.394432282435325,29.453190390839154
0.6653890684523771,0.3519555686154143,True,25.,8.023392683203085,4.1603477287160135,1.272880603245484,total,total,54.71612845973979,43.41995727565718,29.51997010722912
0.6355490288664815,0.3751904919582987,True,26.,8.187340564415388,4.1939314769536855,1.2815501982056443,total,total,54.40329035983438,43.29753190789372,29.98089957500562
0.33571014444663366,0.49527276378111124,True,27.,8.658874726625655,4.206908867339891,1.25608313871214,total,total,53.82917707392739,43.45100484761202,29.84428165818839
0.36819195542211663,0.3545971939828261,True,28.,7.562255103133638,4.176432281907182,1.2635492772736217,total,total,54.831217179794464,43.36206227224176,29.593399364227214
0.3074043266428575,0.7826530478984683,True,29.,8.993963012454058,4.181235703521966,1.2826037063782731,total,total,53.16823280128827,43.25598560797516,29.853541097178994
0.6776107039859567,0.6003697965995679,True,30.,8.168939826415372,4.203736108125092,1.2529272140854788,total,total,53.00206185066093,43.3185481579323,29.775174611958104
0.5692938491057519,0.2970419058207277,True,31.,8.018824688601782,4.182070796738308,1.2890376472930596,total,total,54.96477086203353,43.292088272183506,29.933027606351327
0.615354093686556,0.5768399701396217,True,32.,8.05588089861119,4.206070866633397,1.2705012741624178,total,total,54.44777889338941,43.33727281594592,29.992842413340846
0.3956026716834061,0.6816945223324026,True,33.,8.870775390486171,4.191539172837882,1.2644171390665462,total,total,53.13141605132201,43.35761538454752,29.76745927740977
0.3556243663841815,0.8121841611646349,True,34.,8.530826473895115,4.209729809942733,1.2877149959177439,total,total,53.1060085666587,43.10032419036317,30.221899393482335
0.40678595822416397,0.4254102506071838,True,35.,8.21594639022379,4.209503211122894,1.2629413399958067,total,total,54.720881930804154,43.43651683507482,29.947649365068752
0.45471734787177237,0.31044596651363904,True,36.,8.775393776917614,4.201400308037388,1.2898104662014207,total,total,53.35482919236752,43.1760274642764,30.15339576711638
0.4187686287362307,0.4335007375313097,True,37.,8.87152518700432,4.193466718763553,1.2784691722199215,total,total,53.69975546285589,43.32884592937643,29.942082395033104
0.6411767394804684,0.5395533825216303,True,38.,7.870801348673444,4.166334809547635,1.2748750199838594,total,total,53.46288563323874,43.21932020151549,29.60676440899016
0.7094949732268298,0.5792741710653271,True,39.,8.332210851731656,4.202829814941682,1.2821812273449857,total,total,53.02786578081792,43.13612142534219,30.085346134006677
0.24195265555631254,0.3963062112657035,True,40.,7.626656891794706,4.206155521196619,1.2824853120321489,total,total,54.45413815286078,43.1497117838105,30.125178196186184
0.5348077822071491,0.4536326691339547,True,41.,7.206886775519498,4.180060425607217,1.2610331933681707,total,total,53.9588037476499,43.214293124792405,29.60549977045468
0.44305790472599155,0.3965373003442881,True,42.,7.89526566352607,4.193883014881734,1.2700509655439636,total,total,54.241942664194305,43.297737421297306,29.8545745424506
0.48951011798956306,0.7326734639961351,True,43.,7.032894714954266,4.176936027647094,1.288524151073864,total,total,54.452072473904664,43.024845826216435,29.87125496518453
0.6612217521190362,0.5171376590769633,True,44.,8.092450237987535,4.165135628650618,1.2543405314725153,total,total,54.999254186452006,43.589647760808816,29.37072185014299
0.5518831224729465,0.7567891035437393,True,45.,8.655687152283557,4.1648748140378276,1.256520693879357,total,total,54.562344539645984,43.61791779272346,29.391529253264626
0.5789714283345591,0.7686013758868576,True,46.,8.39870314326174,4.184581572293647,1.2691697423582116,total,total,53.9999597530738,43.38237445613876,29.74340340206688
0.3978154229148999,0.7455045913885849,True,47.,8.141912915460857,4.175632478121824,1.2622622027750015,total,total,54.821340263070944,43.487867539533305,29.570698560525983
0.36802844011728064,0.6552163633704192,True,48.,8.084570258869505,4.170351371982957,1.257668745781348,total,total,54.65929285489598,43.499148799975735,29.46340239885402
0.5006904866123671,0.6864433523284518,True,49.,7.24000127659696,4.161104008000721,1.274609071746087,total,total,53.03174430849446,43.044691707783024,29.546976685330527
0.33898124508883926,0.48678104108810505,True,50.,7.948034163073805,4.185243534720025,1.268328309524718,total,total,54.106463548650375,43.31018602868064,29.741445860339013
0.5418302863069022,0.7107272215693036,True,51.,8.100619271789466,4.163585808738418,1.2692033240547083,total,total,54.427908361162174,43.41206341099972,29.51519776139509
0.2870355395543333,0.3006457517755797,True,52.,8.939202091022539,4.164466812755375,1.2670824369603997,total,total,53.412526192712335,43.42984471576266,29.501727252087996
0.689726814335958,0.66973555423683,True,53.,8.58788974844308,4.182327455985673,1.2881257734587257,total,total,53.9030708542903,43.2721332403038,29.92585853553865
0.43996576626475153,0.6476304714756818,True,54.,8.250973146052434,4.204235308529078,1.2532542550221124,total,total,54.707831890553194,43.5184247835822,29.784192336270163
0.4552570440236451,0.6144906796722357,True,55.,8.869521717983446,4.177566476338756,1.286824968428524,total,total,54.42712746675279,43.38740093884483,29.859573861645842
0.4911720693169606,0.3182678311324762,True,56.,7.41533462854335,4.167758888355263,1.2508972982503614,total,total,53.997300689943074,43.35268851283608,29.36183486863941
0.6414685631731416,0.6006291038838347,True,57.,8.107961067003691,4.193474219595614,1.289886193039592,total,total,53.63623823564933,43.12989780152989,30.06724141485493
0.3269264110682714,0.6780103579330676,True,58.,7.372174480988793,4.184598957705945,1.252182640685024,total,total,53.68144934884574,43.26094169141828,29.558594148602655
0.5552608887574756,0.7080898402638601,True,59.,8.690352018917926,4.202259418372337,1.2529674099606345,total,total,53.40167937240342,43.44163803364439,29.759499748563815
0.5423964197810905,0.7791996795742208,True,60.,8.213376898825635,4.209916228745816,1.25818694720892,total,total,54.8104862649893,43.48330179565425,29.900152342886273
0.3053400748876062,0.676650506838629,True,61.,8.791638965344253,4.182325238654707,1.2811681217608635,total,total,54.08228620496783,43.35679890356818,29.84975969930503
0.31529230214657367,0.8073329660713008,True,62.,8.53331930908787,4.19970476579833,1.2657835453317152,total,total,54.35755004776571,43.433341089849975,29.87156247909915
0.6767660785269939,0.7512658113699073,True,63.,7.251637919702871,4.17709480154904,1.2772991323294642,total,total,53.84660184900548,43.10532434609682,29.750413185930622
0.45638224768184454,0.576124264447626,True,64.,8.826955462564797,4.19857522752943,1.2754061578696054,total,total,54.53142098723197,43.443058720548315,29.964472207695145
0.35900866374776963,0.3642530273068106,True,65.,7.243493935446851,4.201612759016728,1.2822535629626168,total,total,54.398269298495414,43.0784313008621,30.07278983733926
0.37729206918812375,0.6517055243327213,True,66.,7.744337294580914,4.19470174422631,1.2687629775562788,total,total,53.52740638743032,43.18831781105377,29.849446766162906
0.30190648411001364,0.6373084696495799,True,67.,8.613662512221794,4.166383320619098,1.2797642710841006,total,total,53.825377203920404,43.333682100035325,29.660523590614545
0.465848305905419,0.7988979586183399,True,68.,8.30370925616413,4.17644723594892,1.27624877631587,total,total,53.36663865170154,43.24302854505934,29.731893802168347
0.35879504976239573,0.44398081926900657,True,69.,8.668905739487467,4.180351733604617,1.2754955437382023,total,total,53.07523029141557,43.258978782774484,29.766269513689053
0.33077571583051757,0.32797006911740006,True,70.,7.458986479904162,4.195128963549236,1.269151849895768,total,total,54.32258148509413,43.21790309995379,29.858364808183197
0.4015052725197717,0.3223549448293637,True,71.,8.566037834939983,4.171759939937461,1.287815998977345,total,total,54.98063573982727,43.40913200375669,29.80696943277749
0.6178481186890024,0.5547954841934096,True,72.,8.165847716369372,4.161626463253597,1.2632293308149252,total,total,53.07110877349123,43.314850353165745,29.429060386438813
0.5978500306165567,0.4750373994423941,True,73.,8.412238761267565,4.2034022663469575,1.2694818341041993,total,total,54.71700537220905,43.44276907940981,29.95246037697107
0.5730347259294152,0.5265483989401375,True,74.,8.535907753090997,4.164699719244641,1.2800294938294203,total,total,54.500605544235235,43.42162169153934,29.645076203702097
0.34216810330189207,0.3208333748659192,True,75.,7.650744973803802,4.209254074383169,1.253094158011933,total,total,53.06576959119739,43.21189486633813,29.837248211949895
0.5664500068200772,0.32115913240118654,True,76.,8.95043565840955,4.185145042108707,1.2772223385382875,total,total,53.38803604988491,43.33132769754578,29.837457401156307
0.2693460189099436,0.6665398295493776,True,77.,8.80705120261646,4.195988284040533,1.2722886916743086,total,total,53.71304760449609,43.35230556903973,29.902053083133055
0.4482265561161251,0.5990946768799529,True,78.,8.179713398753202,4.202784990601063,1.2718904386134862,total,total,53.38462406196288,43.21703230193209,29.972071055245504
0.6196220763798931,0.7201083339622815,True,79.,8.686758722400779,4.193168337609615,1.2619949208329597,total,total,54.758599074420864,43.56307926721425,29.75880617626181
0.5161655417042375,0.7210702819863365,True,80.,8.501024729273734,4.206525818481328,1.2893674093547376,total,total,53.24398679904559,43.116851303601564,30.204842371774323
0.44058756531951604,0.3475522927251272,True,81.,8.382055394877156,4.177275647785686,1.2653034273950707,total,total,53.02332097004925,43.29550311070843,29.621666989595425
0.5475703885754286,0.7412865909822396,True,82.,7.79425567811456,4.1619267691348485,1.2704876239143126,total,total,54.17921660822859,43.31713173953287,29.511126137807683
0.6747191451088962,0.8402135761632151,True,83.,8.748197601969373,4.166762048722891,1.252581463884404,total,total,53.30678934509537,43.50650948038535,29.369284107638773
0.4978839894619902,0.377356314871954,True,84.,8.854704261388683,4.162017968424326,1.2678359887097628,total,total,54.663838939578056,43.58650034574239,29.483313995804725
0.658624973030212,0.8416507099022097,True,85.,7.856487059148574,4.170549241026038,1.2792969365553737,total,total,54.916359673977475,43.34058407347198,29.700823359298724
0.4994603136264205,0.8176018449102558,True,86.,8.512993380439516,4.193852038573825,1.267435920764623,total,total,53.63574265789701,43.34825957839756,29.8256661748151
0.5659925987975885,0.3332177569448578,True,87.,7.513060162930999,4.185458225998635,1.2872122176516763,total,total,54.33707583405264,43.12953407866361,29.95012178480369
0.6218064829229006,0.6484449168729398,True,88.,7.767163434374371,4.188908878514294,1.2568561819798993,total,total,54.18565708529766,43.3765383804563,29.656357094099327
0.5426776381116047,0.4706256609532543,True,89.,7.131636296882902,4.2086842332774905,1.2679373123759055,total,total,54.94468365026168,43.210492496810815,29.993383554314992
0.2534841630619118,0.7081651587590222,True,90.,8.643654859312598,4.16994465304429,1.2810880328300172,total,total,53.77755017958527,43.31321552877623,29.713757342470064
0.6792666719361953,0.6298366024727436,True,91.,8.286456305894006,4.1737356010289846,1.2804764035152956,total,total,54.2596289357987,43.3365861691401,29.74842859051493
0.6095223133922211,0.796717869538631,True,92.,8.99160753876135,4.201836856559128,1.2822593222673366,total,total,53.77011516140481,43.31883333764874,30.075310898619023
0.5020630311764263,0.7746577719159762,True,93.,8.725249882889452,4.1950254015657995,1.2505959733799137,total,total,54.90855854543195,43.66039489003837,29.654792159265636
0.6394459060097386,0.45634581139895086,True,94.,7.097200689111837,4.205001641173983,1.2670641755968832,total,total,54.04261528666432,43.13039677059562,29.943504303072203
0.6197558452273485,0.30419704324585994,True,95.,8.025448406150076,4.17710595430414,1.285997567054397,total,total,53.428326543955514,43.14645109652938,29.845500085080047
0.31434957487812193,0.8071328288274476,True,96.,7.3172768437039934,4.177271366176424,1.2678083802985092,total,total,53.45375076405694,43.12014480843346,29.648893445471522
0.6838489700994053,0.8207468562354719,True,97.,7.359028339946033,4.205518464153386,1.2722860150948898,total,total,54.34701618593499,43.17866161282559,30.00634191287247
0.285056964811869,0.4528196276383613,True,98.,8.672186563677528,4.2028380975694555,1.2634604222917234,total,total,54.17584382179647,43.44716469664808,29.880419508236518
0.6162306860574811,0.7192808518362953,True,99.,8.31151528181941,4.195038556023795,1.2634826236702128,total,total,53.84750329009503,43.37677405544627,29.795453469168066
0.5499929499941104,0.4933110057206334,True,100.,8.258420404645372,4.192818030175835,1.2649894585559986,total,total,53.081579845061924,43.265462566637716,29.787662584057284
0.5765001740554786,0.2875783649932963,True,101.,7.368401628200576,4.201156246057074,1.2552276748221647,total,total,53.87672350649681,43.25882841099301,29.772125492029502
0.6192081002246966,0.5884845424741716,True,102.,7.940678565835968,4.184458982371553,1.2538794001344133,total,total,53.06611561645919,43.308274182437174,29.575524362637612
0.2754035800628805,0.4299803997171815,True,103.,8.185825367253775,4.179600155773091,1.257858166295541,total,total,54.80864841927813,43.51724499621272,29.565953004233428
0.5797540204126352,0.6722494427627841,True,104.,7.604786484735388,4.170677306619684,1.2567355200565795,total,total,54.23504611903356,43.373469953270366,29.456809991170033
0.5457560756285156,0.8400174906206469,True,105.,7.2911516672609675,4.177038916364866,1.2572866093653967,total,total,54.44569044404987,43.30894590964255,29.5318939196035
0.2583286130372084,0.35246949726488563,True,106.,8.144016931109515,4.165080753662345,1.2813278345457566,total,total,54.14429236802315,43.284052855217126,29.663366509706957
0.29678833298196744,0.37880402673082747,True,107.,8.861953979010062,4.1833250758132206,1.2584467203496716,total,total,54.41744235726596,43.57839051008683,29.61288028151391
0.3249754700516579,0.7923447353807519,True,108.,8.535531723958652,4.199619730054198,1.2787219193273545,total,total,54.22282762254273,43.323552106227645,30.01222722734859
0.5996681842666738,0.8201371056806986,True,109.,8.83982419761697,4.209392235997903,1.261322855249702,total,total,54.61041882031694,43.54438267012287,29.928723609604294
0.38869378062469884,0.5367929847874405,True,110.,8.29773784625749,4.165727179735765,1.2878529805195862,total,total,53.759489026206346,43.22076951210603,29.741536564330787
0.6404270680012241,0.34833444086260235,True,111.,8.678401419077673,4.190849780804119,1.2545307630924438,total,total,53.20033241278503,43.43058118844943,29.652169267847235
0.2567974993362252,0.5836839145084876,True,112.,8.930963848497171,4.172831128902193,1.2650246357930188,total,total,54.96963001639565,43.62429192840705,29.570275317628948
0.272217201180817,0.7549103855290442,True,113.,8.29249881589486,4.192754611535474,1.2763148183947672,total,total,54.60394180983546,43.35463137694007,29.91072042939749
0.4298228747120455,0.4189793138892552,True,114.,8.436912466371506,4.195021817538621,1.2801240748197618,total,total,53.91342117179693,43.27655827884164,29.977222542608875
0.26579577736246907,0.42692959508919487,True,115.,7.72725170195778,4.167167557247806,1.2514736782261058,total,total,53.55638296501529,43.35004583406743,29.361672838778237
0.3500064774139326,0.7097826684463233,True,116.,7.930410399698079,4.180097967481398,1.268762512193204,total,total,53.73420178422325,43.26611830917273,29.690080526959736
0.6705557352915891,0.7081404434586321,True,117.,7.1724131157308815,4.1707473461928135,1.258240485340125,total,total,54.10527578083601,43.25880813982527,29.47390887493272
0.3547055038002834,0.6828695045008482,True,118.,7.959245389765112,4.183210903022583,1.2823406941250737,total,total,54.04576827830482,43.20507463306068,29.872254261083295
0.267790001177098,0.2978192133682394,True,119.,8.289719966619872,4.202752226882595,1.2863378973351007,total,total,54.52433279066789,43.26112284470427,30.13011039178424
0.6532523365072082,0.5186272430485457,True,120.,7.121177041014158,4.177970677143977,1.2670269128105276,total,total,54.55391316540474,43.22181030281459,29.647998754610356
0.3174504431428298,0.3388430383650519,True,121.,7.834095995496824,4.200386080015453,1.2617845389078584,total,total,54.65830974505541,43.375539566298485,29.83530787022907
0.2522023690055531,0.3852880103369984,True,122.,7.19385898939661,4.202907639942012,1.2705733181452443,total,total,53.639262788522295,43.062027651556235,29.958993798543787
0.5548413569925359,0.48608804057306065,True,123.,7.723753554841101,4.17566435660172,1.2503698753256678,total,total,53.56898735106499,43.36321577741555,29.441847486047838
0.5079571395454401,0.8065352523384776,True,124.,7.061475663535637,4.191647940318202,1.2786049317519512,total,total,54.155193657585095,43.0542458449085,29.92366648439176
0.39876656205746996,0.5242120276927538,True,125.,7.499064997119275,4.203212522660941,1.2586273776035384,total,total,53.51373152943155,43.203642237953126,29.8316950961211
0.38410514304160326,0.523601064673908,True,126.,7.941821460320135,4.180300941617565,1.2759607190882853,total,total,53.20061899713439,43.15643374841278,29.770791310088565
0.392708559575396,0.499617564423214,True,127.,8.968847067584537,4.208527332403525,1.2653048317523663,total,total,53.01783136887176,43.321644271281215,29.96283856134757
0.33837035461412146,0.4135190966875624,True,128.,8.951871004952114,4.181759063924261,1.269337960659376,total,total,54.86621782624074,43.57337331037444,29.71445877142458
0.26655930550626694,0.34944268716580323,True,129.,7.631273905464481,4.207246139636101,1.2526339430435338,total,total,53.69889007061907,43.28128088312825,29.810290517241786
0.4428395148987144,0.432966548080128,True,130.,7.698498907198777,4.191006375597499,1.271490703497904,total,total,54.46999439103727,43.27814268286345,29.83887433912581
0.26247124009363093,0.35175021448876115,True,131.,8.69807655272424,4.18285347086851,1.2543673590772626,total,total,53.338858951140175,43.445359243979475,29.563370353596195
0.6962549919319779,0.7425552042647934,True,132.,7.2805693060140335,4.194894836741135,1.281507189825505,total,total,54.331132099279074,43.11047457999275,29.990979156583197
0.44991841684627254,0.5564609165087818,True,133.,8.896822966881853,4.182494284770345,1.2798728652248186,total,total,54.03515456371525,43.38467617598962,29.837454881346282
0.2448670518006714,0.5055183876934122,True,134.,8.510239759332933,4.171362914138524,1.2730397926697923,total,total,53.645854976259386,43.33422272601306,29.64152083390173
0.24738415686073081,0.8278901074485755,True,135.,7.348157347687911,4.1727868370655,1.266252405875508,total,total,54.00273617101957,43.19841275149046,29.58314788625229
0.6892574827800977,0.5356859503511605,True,136.,8.882019506062388,4.208433817769106,1.2871408437927447,total,total,54.85156891525011,43.40138775944643,30.201340860800652
0.2858367824416824,0.738143522724923,True,137.,8.525435569172984,4.173519308987874,1.2731549106148177,total,total,54.42411112037785,43.428567570792936,29.66626005448459
0.668265926055857,0.37920554143941576,True,138.,7.256132313108449,4.190401630222129,1.272010917593085,total,total,54.37061260380226,43.18612679680728,29.8379508425291
0.28456661041659065,0.7328037471169533,True,139.,7.799324897672978,4.208668488128592,1.2872151350303669,total,total,54.12611165098168,43.107160909777605,30.204736799306847
0.3388569256105339,0.83710286183429,True,140.,8.806732677215086,4.181208573829493,1.2856373536602859,total,total,54.51261134415723,43.382755176905356,29.886404394911576
0.6725282793211191,0.5342100402639466,True,141.,8.894747612778776,4.200077702334757,1.261725556612274,total,total,54.06628766252126,43.50392068755546,29.831294839444404
0.2714402762723536,0.6263340129188312,True,142.,7.518536642730449,4.17629791543075,1.2712393735421388,total,total,54.90746798069604,43.29582204641396,29.67566251475009
0.30698135149571604,0.2895088689567917,True,143.,8.802504374452774,4.178015157253142,1.285097362362447,total,total,54.56379182266199,43.40184042706606,29.845598401980595
0.6281712453006473,0.5191900885893979,True,144.,7.204364494538159,4.190693931605534,1.282253892392183,total,total,54.99285537842147,43.15925927068736,29.953157884201342
0.40346938543548905,0.7594545966851599,True,145.,8.504591975541153,4.189885974964506,1.2894916121053324,total,total,54.81275247139037,43.332088155169586,30.023578741683284
0.3788132880660523,0.5259905211857612,True,146.,8.275426757721693,4.191149028107184,1.2724808965035557,total,total,53.47478949040611,43.25440340635879,29.85125195310196
0.445885858649516,0.819599516135506,True,147.,7.004577234575016,4.170933067716851,1.2557734304041641,total,total,54.366035553027615,43.244215447302295,29.44914341674885
0.5669247954370614,0.5086332533008185,True,148.,7.833709652784204,4.174440713899915,1.2814888686216133,total,total,53.350845847394524,43.13484064280703,29.767167609433535
0.585077684145237,0.5022757999203581,True,149.,8.804717313892317,4.204182091445416,1.2595655281242943,total,total,53.35926492089206,43.40469176745984,29.85253805035368
0.5138282673082561,0.7682624578723213,True,150.,8.310389391386146,4.160972403318166,1.2806064961637973,total,total,53.12355406219548,43.209247993854355,29.610780919287325
0.5554320897968313,0.281966429829779,True,151.,8.282266338223188,4.173306421243618,1.254642617806341,total,total,53.022700796227575,43.371982335887154,29.462630770523372
0.6693216099201866,0.547117747179033,True,152.,8.388940772641424,4.165950606430223,1.2525507680834655,total,total,53.908889820217404,43.529179787368605,29.36015714560673
0.3830337228132903,0.3993187779855506,True,153.,7.5642992188913345,4.187992077675958,1.2640758794230251,total,total,53.884723776608304,43.24088360906898,29.725045008825475
0.6938988229692834,0.31369851768199825,True,154.,7.007073583437702,4.20984227840774,1.2646042048024717,total,total,54.094665424250465,43.132722209613135,29.969564297532656
0.5543892979552222,0.5359784964895103,True,155.,8.53288094868767,4.170218890570215,1.2777892687485848,total,total,53.26666475912505,43.273183005602945,29.680792904004214
0.42872677293498734,0.5292632433064892,True,156.,8.00640982005727,4.199622194724172,1.2748152443167486,total,total,53.01205143850361,43.1263124001795,29.969465273972908
0.29894038654613514,0.34078022189817847,True,157.,7.410290001278145,4.162823262866972,1.2748853241881413,total,total,53.27127020756285,43.09400654104116,29.568674677732922
0.5330293625016711,0.6006481190742835,True,158.,8.90675338469343,4.185037133494859,1.2874645481796176,total,total,53.731836458956735,43.28989020221031,29.94827465592997
0.45227845476680006,0.6591054839201134,True,159.,8.401060951121632,4.204571562526426,1.2616793345430732,total,total,54.10708047233347,43.4122741464613,29.879898869713106
0.24259694858660868,0.5709136940974663,True,160.,7.723736118788932,4.172102278152106,1.2792851311692806,total,total,54.75842039437821,43.2720017364836,29.717624686507744
0.4031310443079336,0.36149064872306463,True,161.,8.404879252381065,4.167534510081311,1.2635504856900717,total,total,54.2331001500591,43.47545801059194,29.49668423129304
0.2635585074471426,0.7366877726745822,True,162.,8.686186880617237,4.196791173488747,1.289458534688777,total,total,54.53998283315762,43.31014094839529,30.098935860477972
0.6816136511124764,0.7414453060376283,True,163.,7.350826653461738,4.162339870436051,1.2753679067307988,total,total,54.21286809668471,43.19970656713294,29.56866586986084
0.2368949632420817,0.7827376597765996,True,164.,8.075031477191265,4.2028289393004306,1.2643402524179344,total,total,54.204559282817826,43.33731850346072,29.88993897087444
0.33461098837893377,0.3779082038255957,True,165.,7.485911068375682,4.198871222167987,1.259392293297225,total,total,53.52861318228391,43.201253445180555,29.79264060425865
0.38679288065062545,0.5107337434464876,True,166.,8.002348508688742,4.170681608633742,1.2533207361757752,total,total,53.49618333047425,43.38270535559694,29.419801436499135
0.6963507496330575,0.47861223899132344,True,167.,7.131072784488909,4.175790992594179,1.277153962046682,total,total,54.553416149533064,43.15864221230945,29.73460867834322
0.4083524470852605,0.8245848726717045,True,168.,8.438561606334735,4.189237747963994,1.2744828134076673,total,total,54.654998063070515,43.41196252305293,29.852242372755462
0.4844061959136398,0.7705800851042639,True,169.,7.828624968034646,4.180400859342396,1.2691344601204602,total,total,54.74293718307323,43.36496819060666,29.697435198073133
0.6317542912732264,0.7484748634599637,True,170.,8.179226075423045,4.1753542133340895,1.253189874124228,total,total,54.63971976274105,43.553380382576044,29.469090909478656
0.7023362959488358,0.3221608826467677,True,171.,8.84091954286096,4.167130177377969,1.2614712533633543,total,total,53.24795640510433,43.45305715209426,29.46971349384675
0.2509079394007873,0.7146874867071055,True,172.,8.175183805148453,4.200078781893524,1.2596181350648983,total,total,53.07247942095262,43.25861016321757,29.8082904250453
0.5141754688280741,0.6379518232382636,True,173.,8.171693378767877,4.208525444169499,1.2547081797338218,total,total,53.15019689420169,43.30654850649694,29.84692162934781
0.5511095487449792,0.38253288917726735,True,174.,7.823207553468083,4.200702563099245,1.275168785778994,total,total,53.08515486825325,43.10967105485802,29.985167029465583
0.28582008113359486,0.33643594643081287,True,175.,7.581706597916403,4.167274565615377,1.2598587464167066,total,total,54.21514588331661,43.33518657894744,29.45377598656833
0.6670060158810319,0.7976545026389114,True,176.,7.093891947195388,4.19209024888689,1.2773451753132365,total,total,53.572477032130585,43.02111712050462,29.914723859495215
0.42313509294701973,0.8340236079097392,True,177.,7.7380170349633515,4.182672732124213,1.2741119549819686,total,total,54.71866001010676,43.30011488516883,29.77649912143651
0.38041003602839407,0.4370720247945178,True,178.,8.252480924719606,4.200385921243867,1.2879331045505154,total,total,53.47737008839125,43.12432451951244,30.1216457288966
0.6623071552179086,0.3615125781978274,True,179.,7.099675753459958,4.165150292692449,1.28972871953149,total,total,53.23583866356957,42.93830118271836,29.75570503800121
0.3961964183093949,0.7458114804968873,True,180.,7.77314045121156,4.17558050349856,1.2567567285573833,total,total,53.8800270956128,43.3488308211401,29.51028780278123
0.5988255739573523,0.7620681416127078,True,181.,7.813726549316435,4.193869625766942,1.2717581897143582,total,total,53.856415057454896,43.230838159164094,29.873087417362886
0.6030454363071501,0.6243956204332997,True,182.,8.047277164653217,4.177957900221657,1.2570360909092757,total,total,53.6410709806654,43.380969821696986,29.53915968362935
0.4012841009388084,0.5659722160058964,True,183.,8.335816393539412,4.1639255192585125,1.2720730762563666,total,total,54.308897158092705,43.41348819718438,29.550080730439735
0.36174383191932136,0.770578387191933,True,184.,8.046235385832254,4.1902610665789615,1.2505930466535846,total,total,53.54753415788333,43.3810832589806,29.602893481479512
0.6724552691198985,0.792027360196562,True,185.,7.002422749861031,4.2070964777319855,1.2809804174682402,total,total,53.87764604646695,42.988425703852215,30.118988007630545
0.4468620669713066,0.5596670671093358,True,186.,8.114729232633625,4.209715952180045,1.287744056594282,total,total,53.433678809130214,43.086470888912515,30.222066548073027
0.7017179152606019,0.6077048504835917,True,187.,8.350786184345981,4.204207317651072,1.2883152399792432,total,total,54.48396736849214,43.27075749115265,30.167804046077862
0.2657193621732063,0.8202724141193742,True,188.,7.069314717806927,4.199816091986686,1.27573101620292,total,total,54.143911470554535,43.04821642770779,29.98161613400356
0.5019233896503543,0.5643307931209852,True,189.,8.800031509358234,4.181453258869285,1.2856579910830548,total,total,54.575675970092995,43.40039594338648,29.889305419355445
0.5293084068875354,0.796738098893704,True,190.,8.028689738752174,4.16595412417019,1.2712853605287027,total,total,53.9934361461814,43.32743814738373,29.563573213968677
0.5660434314084936,0.543661751603491,True,191.,8.913925995544473,4.196067626021816,1.262186516037202,total,total,54.00287919439507,43.49643199179804,29.792538279304427
0.4479503233366764,0.8141666017892044,True,192.,8.389245947249297,4.1755635162989755,1.2721162825466736,total,total,53.968625658289724,43.36213182363287,29.67721519075097
0.44457839263099863,0.6634462059947994,True,193.,8.935395718028012,4.162694444655889,1.2777544094981788,total,total,53.995176664458256,43.4337474879183,29.598483734666313
0.5996004047376935,0.802635623691984,True,194.,7.6488579047191205,4.202075235886105,1.2826779168763809,total,total,53.654701454307606,43.08592124997501,30.082517146738027
0.4848633961843988,0.6516341701906813,True,195.,8.42784667764541,4.172630672056079,1.255387435496417,total,total,53.86857869448193,43.48755439119245,29.463380575917785
0.32740247082361074,0.6937087566032784,True,196.,8.948533355378563,4.169266039496424,1.2533455292067106,total,total,53.610935186166614,43.54880039081202,29.404716225033077
0.4341361089961368,0.3938585348829076,True,197.,8.971382550732095,4.184434037197431,1.2579177560759758,total,total,53.89650629969555,43.537432689283975,29.61919304174627
0.306926702589927,0.3207306694468735,True,198.,8.004432337432965,4.178457709946404,1.2666241704007906,total,total,53.10360005253649,43.22460094988435,29.648916683685336
0.3226030427828487,0.5300581677100142,True,199.,8.744883160403186,4.1679710605450175,1.253048402273299,total,total,53.53181586050432,43.51384416245546,29.387452016254986
0.6181926964394452,0.8550470320897261,True,200.,8.256087010584027,4.182513840061521,1.2589470069007274,total,total,54.2309932728473,43.464682366747404,29.609496149023105
0.6212366766924784,0.4885102062045257,True,201.,8.263120723594815,4.165662358438918,1.2891020553967505,total,total,53.752474393434866,43.218779231089584,29.75445481044799
0.33522397290960276,0.7552353894062825,True,202.,8.009867459373265,4.1972629649397115,1.2606943819234053,total,total,53.92311240478298,43.33359577431414,29.789298400177067
0.2978539915393208,0.6188054589127588,True,203.,7.906704257649178,4.193341209758847,1.2537290842794782,total,total,54.92654474969208,43.48284839217012,29.670574788194767
0.6841836429282439,0.7560358533431815,True,204.,7.495305258301216,4.182219093139093,1.2899069300750328,total,total,53.59027000491702,43.03048946152108,29.944163213937237
0.3379240969120884,0.7227119864720686,True,205.,8.81466745619097,4.2004767666592135,1.2715889561231597,total,total,53.97784444168945,43.388114608469394,29.943503274449778
0.41088936122368197,0.7396267081528355,True,206.,8.798108942390243,4.177448368475988,1.2622324139863177,total,total,54.23126837060947,43.529477768724135,29.590127015089724
0.2882311936171085,0.33813461944500667,True,207.,7.457205992474577,4.180636020734571,1.270700969491448,total,total,54.115750975190224,43.20135584122578,29.71707498100647
0.6489983607306655,0.28532286257978545,True,208.,7.537000714399584,4.165660987654247,1.2882346313782345,total,total,54.56517983640265,43.184812701566294,29.744977423301695
0.37685690950777634,0.7663825466717343,True,209.,8.0266727424894,4.163261769085314,1.278135072465247,total,total,53.065694524630686,43.16127692630548,29.60879958723642
0.3810240782289885,0.7541768130434174,True,210.,7.638820568450631,4.1658759570407256,1.2592259422026595,total,total,54.2836054664218,43.361535416353405,29.431730617174185
0.5565850620223661,0.3002571786345421,True,211.,8.074104820246436,4.194207641691758,1.2543958145545355,total,total,53.58128653182428,43.3738095136162,29.687279623419055
0.5940255691737361,0.7648187531008164,True,212.,8.839614765499334,4.17450555498275,1.2573806901599298,total,total,53.48575196723876,43.49079828831005,29.505388180170243
0.7064332038072618,0.3219739640387202,True,213.,8.941882413477963,4.193495323949759,1.2708452535139518,total,total,53.58734547412096,43.3968299198661,29.85901794651644
0.3469743602107754,0.6265909689566224,True,214.,7.289529312885163,4.202962377761918,1.2558387221487641,total,total,53.65688283647639,43.19171371937606,29.798509448386067
0.28684500178572625,0.5930012025435445,True,215.,8.665090185346255,4.183111837919027,1.2582038669118807,total,total,54.421731035493956,43.546641290084935,29.607916599639477
0.34709879431862256,0.4244892801002169,True,216.,8.008419787257733,4.197905286253148,1.2845782465799513,total,total,54.63116920398583,43.24641928757134,30.057625687786096
0.32704970834840763,0.6665177079285539,True,217.,8.094428478958434,4.179849894877372,1.2608938658900135,total,total,53.95701286069803,43.37903811176638,29.601692670329232
0.37709445462275815,0.5552483642238808,True,218.,8.243716791654062,4.1826565768464175,1.2823537691154172,total,total,53.37012013595449,43.176662342852744,29.86633808146989
0.5862887237155318,0.3871435914256823,True,219.,7.586213060247692,4.186998853944142,1.2527426166359859,total,total,54.33548034765421,43.3898592456783,29.59078726674925
0.5407218475103601,0.6717722040212796,True,220.,8.268532065802173,4.209362448320228,1.2586985289876031,total,total,54.64694301636097,43.47261359811488,29.899690851556667
0.3469071739525012,0.6179004420065243,True,221.,8.904308357878596,4.196119269266022,1.2801336049716106,total,total,53.97733949504848,43.34710682128084,29.989345542595938
0.5089616497085201,0.43131394889851205,True,222.,7.864100642205002,4.165273215297897,1.2581377464331462,total,total,53.94016662496768,43.390005810287356,29.413386459824434
0.39109538933962884,0.47174448347478565,True,223.,7.482559699783943,4.167443740469418,1.2595075839741272,total,total,54.364359165011294,43.33658838680562,29.451800677879543
0.2826409928001993,0.32283703561672955,True,224.,8.809745362733507,4.185594559206013,1.2783554477071777,total,total,54.088104359590325,43.37803159769844,29.854749678046655
0.23816693776761397,0.8589296511623519,True,225.,8.903653320387866,4.160003662070988,1.2566631133882202,total,total,54.61691307068619,43.65602785795972,29.340278956363655
0.3178873249714895,0.3679441531923132,True,226.,8.65547027188847,4.1687265393803,1.2789309893827985,total,total,54.745758932359536,43.46124727410211,29.67697255068927
0.2734142032756557,0.7248276541137282,True,227.,7.544914701203764,4.1946275051756885,1.2677298087293236,total,total,53.92391696419648,43.194213985182756,29.83734742477158
0.6239464182678118,0.3679123942212013,True,228.,8.735236836253698,4.188774470802638,1.261514515649913,total,total,53.98033020106981,43.48938877697964,29.705650035845977
0.5654529868288586,0.53784023566001,True,229.,7.951447176307132,4.175922070763417,1.2681554494357938,total,total,53.311786709181874,43.24593524266132,29.637980045938388
0.4441953464019701,0.8193800978379093,True,230.,8.93529331187764,4.183786236157005,1.2706891126795932,total,total,53.54952328519755,43.38982562239043,29.75130133106612
0.4376538073038421,0.44303662811809014,True,231.,8.875909456988488,4.18819284437193,1.2781173057728463,total,total,54.22330395081723,43.40951044061027,29.8805466575758
0.3797971075933238,0.29585160747082584,True,232.,7.605148268841361,4.161138506530665,1.2686280113744048,total,total,54.41629353673153,43.314148376363065,29.482364438962946
0.39816950080989283,0.3531763419511276,True,233.,7.566812773446703,4.193302168720511,1.2824787745506776,total,total,53.596748660158475,43.07077556758292,29.984176938691917
0.4608079097483016,0.6894464009465977,True,234.,7.093025966604399,4.172781153891324,1.2809544841734892,total,total,54.42400912780728,43.094227748601156,29.74323240989822
0.3194595853453219,0.6540559445316333,True,235.,7.833348493253252,4.189830260754542,1.250215187641342,total,total,54.81754610833217,43.48706832737121,29.594094480612778
0.6948274087266691,0.5558150550148425,True,236.,8.200570319046685,4.170942800052949,1.2662283012775257,total,total,53.98000700871333,43.39855988003438,29.56282958514325
0.3507636480109721,0.29618045388966624,True,237.,8.176745168984457,4.1831904849988435,1.2795996446456446,total,total,53.46968314054424,43.198885538301525,29.842076000541244
0.6412719955207166,0.3833914312500531,True,238.,8.703180098118398,4.19399331787465,1.2860011450775841,total,total,53.3808933444898,43.21931712651199,30.03033931398715
0.29698854897103855,0.3046542268642875,True,239.,8.545500374013669,4.1905782834387155,1.284911954860225,total,total,53.334333136523256,43.18588772257303,29.980993349706985
0.5596978402200954,0.7384082471358963,True,240.,8.621593945931616,4.161012040438708,1.2891342611294843,total,total,54.15896175269757,43.3293843044594,29.70409470849744
0.5504273376878749,0.7852174958521155,True,241.,7.932104788021897,4.203288094381197,1.2694651244696047,total,total,54.05170152012254,43.27444306829658,29.95102779444181
0.518001609841219,0.6638973892829944,True,242.,8.955387583966495,4.173865838572716,1.2777861164659678,total,total,53.589627247670435,43.367850356475714,29.72050903887711
0.34621390506748423,0.5038109697073521,True,243.,8.849164173025438,4.20659154885587,1.2824094755748354,total,total,53.15131481470614,43.19755764278194,30.129132246201323
0.26980942018478843,0.6821160709047677,True,244.,7.951288115320519,4.176872308068016,1.2601621883157237,total,total,53.48836832170426,43.30398169748458,29.561344114866788
0.4001453667178366,0.77854604580036,True,245.,7.43566117002459,4.188815685492553,1.2523422213979305,total,total,53.229074207074966,43.220972785624895,29.606199367716833
0.558738824366913,0.33868556240529823,True,246.,7.631766189508088,4.190749651183684,1.28679504862468,total,total,54.171695733155246,43.1305540230964,30.0034959383987
0.5739617889295853,0.5323684203738733,True,247.,8.397490554994363,4.1963088156,1.2759645221232878,total,total,54.555421137132576,43.38330967139589,29.945775482757174
0.4928808498204985,0.7704672035231619,True,248.,8.816513129604445,4.202135419688047,1.2586060840812174,total,total,54.495272230763234,43.55357901825105,29.819697770988213
0.4666971550899572,0.3496140463471003,True,249.,8.784532946255325,4.187251427181556,1.2667540163191267,total,total,53.6905545668282,43.41567925871559,29.74617537773507
0.4809978097570206,0.6522898256243294,True,250.,8.806198542496483,4.189332199794126,1.2601669819348646,total,total,54.86425904622406,43.60870203103393,29.697041331664945
0.3397821645420821,0.40773238158804603,True,251.,7.0501626032171485,4.187229474581947,1.252995111412893,total,total,54.781455708464236,43.293890062627206,29.596043546062738
0.5525137025473986,0.33897418294202253,True,252.,8.781936659391675,4.196717517211561,1.2891786236109248,total,total,54.677963299798066,43.36389889382258,30.09505646789105
0.31871022888634143,0.39995562849253885,True,253.,7.116581384221348,4.208175071713596,1.266786256156733,total,total,54.16785017652561,43.124287269576975,29.97520154167563
0.546312873544885,0.6429577277291951,True,254.,8.257499665463687,4.201005156387128,1.2677184684858687,total,total,53.810326027535446,43.31997743562966,29.90693808524405
0.33394937773986616,0.7593285793694148,True,255.,8.962363748190842,4.167937667753587,1.252953231435724,total,total,53.004390788289044,43.47561374302,29.38605814091349
0.6635856422099586,0.7604426045178627,True,256.,7.797553278966644,4.198461292945844,1.2648701402967482,total,total,53.9875217129465,43.28963335656816,29.847990349456555
0.5036452530946498,0.7200535611479865,True,257.,7.433727676251468,4.181495790100826,1.2699634584956518,total,total,54.15385461148517,43.21294954228539,29.718407939108072
0.2532952314073645,0.7952481883816213,True,258.,8.804574755981314,4.1929146254399114,1.2769184926718038,total,total,54.51538680980182,43.423147934814935,29.91907433999173
0.618794656706687,0.33682686296621966,True,259.,8.335757884096672,4.192284593269352,1.275798142232091,total,total,54.84533227211815,43.41931463650321,29.89992880228894
0.522473789755452,0.29513773027944257,True,260.,7.025317630544182,4.1872323950641235,1.2606778589989753,total,total,54.26250090875467,43.19780954859656,29.679726136325858
0.3418388450968631,0.43164262298845013,True,261.,7.806045114114438,4.188202493431872,1.2628082846086315,total,total,53.63973486563836,43.26613672587205,29.713518502313732
0.4971240671814712,0.31573508492873753,True,262.,8.543354585196644,4.183593358880065,1.2613468314341343,total,total,54.936469494961614,43.57894183518478,29.647373676098834
0.5505990643323797,0.731693158671874,True,263.,8.94377698187569,4.17275339007187,1.268011388128516,total,total,53.599033050306495,43.443060968593294,29.60192137170589
0.31456216297041595,0.7942548481196093,True,264.,7.483065233775872,4.164250027018839,1.2646279358802512,total,total,53.42117301896336,43.19255671703537,29.472715936051376
0.6801485999966242,0.4000994847364795,True,265.,8.929327497103515,4.1609653229385,1.259389776915122,total,total,53.70766992970617,43.54999755509364,29.38024940850917
0.3482692936631696,0.29717990045533327,True,266.,8.404026314125684,4.179074224695988,1.2646671189565675,total,total,53.34821441054579,43.337019525405104,29.63431981659213
0.40164162047769947,0.6634070291186164,True,267.,7.972816321435319,4.18075932460801,1.2814268698797249,total,total,54.51008503606978,43.27455789848004,29.835478023252406
0.6575041259334335,0.6555458860111557,True,268.,8.455179757203673,4.199285312866334,1.2601999839816203,total,total,53.859634083190905,43.42164343871021,29.805979706499002
0.6606923953261395,0.620872577921634,True,269.,8.655646620610742,4.197970765254682,1.253567328827562,total,total,54.808270018521924,43.620349234916446,29.719267591229862
0.6066489967930573,0.4166077982773674,True,270.,7.525217100689481,4.203289533142636,1.2572881886957716,total,total,54.24262069768733,43.31274324321613,29.817909056237934
0.5954044058352568,0.42909705422203487,True,271.,8.284351075228418,4.160925304070295,1.260967353172357,total,total,54.599052370136675,43.53685403218096,29.396919986661786
0.47164058023551864,0.6999921808916242,True,272.,8.837646721556226,4.182362079467169,1.2507429443487208,total,total,53.01437089543582,43.4584590916295,29.51863019981346
0.40718225104577194,0.8111608711949443,True,273.,7.000692246726689,4.175609930552698,1.278971900956895,total,total,54.941831582472894,43.12691089776466,29.752462956634545
0.3991306260017054,0.5968626455517552,True,274.,7.464054594565895,4.160950080763829,1.2801375611310917,total,total,54.395500176697304,43.195590999297885,29.60543472678163
0.5077521818944029,0.7878254493440873,True,275.,7.715168396184621,4.1986346884484504,1.2710611682175008,total,total,53.53733758945067,43.168042542337865,29.917572764428673
0.5389378527545948,0.4975811908279409,True,276.,8.48273382905831,4.209198896186111,1.2718047658841123,total,total,54.5443047236271,43.4041956001981,30.041401143627194
0.5828942591932955,0.5707566507685861,True,277.,8.114712490694187,4.190281425713179,1.2702597983025856,total,total,53.63476318482201,43.27610182389321,29.81751045917559
0.6417269085941864,0.8582917661305692,True,278.,8.754957039326918,4.175098098777064,1.286953856953657,total,total,53.215455100481705,43.22426370203611,29.834011567101793
0.23718624116350617,0.7243065369767051,True,279.,8.171580867799882,4.189712181260778,1.2581953166743938,total,total,53.999988066924054,43.39617647728186,29.679696106058266
0.5051245860368868,0.7890914881291197,True,280.,8.180227590045707,4.16180088581482,1.258666014716465,total,total,53.39730938244906,43.38095641773649,29.38146141975524
0.315839387382277,0.7453390931225444,True,281.,8.800601131695464,4.17762857000496,1.2821166843232665,total,total,53.8093289170677,43.32380808310269,29.808818242159592
0.5165533012829299,0.29453481090831546,True,282.,7.78261983918512,4.164231057094264,1.2514320589856331,total,total,54.46322257604256,43.484257522178325,29.329406986868232
0.3779435673852897,0.5559712771967606,True,283.,7.439011791623912,4.189828119257624,1.2786672584229895,total,total,54.19704932909809,43.1392427329492,29.90444169571423
0.6620415199287479,0.8059407031148051,True,284.,7.220224364020638,4.1872254065917,1.2537165003050499,total,total,54.788755426427436,43.34653450959242,29.603848834225236
0.3044080618087909,0.5661972491517777,True,285.,7.259896026364153,4.169614680120695,1.278717860955672,total,total,54.54428878154265,43.15740242285885,29.68432747815166
0.3754752680946894,0.6413778169444765,True,286.,8.964241075762796,4.187558382866543,1.2879130078825813,total,total,53.05044769416304,43.190571002045665,29.98078695091215
0.3741636342473344,0.5989492489700514,True,287.,8.632664897065824,4.1948932007971145,1.2506553687594353,total,total,54.848862426819984,43.632678417879816,29.65399922339939
0.5280804975151788,0.36527975023827014,True,288.,7.578341325859557,4.160092078322769,1.2800112555280128,total,total,54.32388968514363,43.22609227015069,29.594724282974397
0.38900533789342,0.42590709270078947,True,289.,8.97746601543077,4.18579444572605,1.2856980262148623,total,total,53.87254926161638,43.32439921308858,29.937229870506076
0.41926892521695674,0.33431078073601916,True,290.,8.574576552162402,4.169994468839079,1.2735256169433766,total,total,54.35545923326194,43.44319012217987,29.63191092431703
0.3051300190565931,0.4545506484120748,True,291.,7.186550256126721,4.202531209068248,1.2638575309614648,total,total,53.05950977790732,43.049080443170226,29.881405857123628
0.43321904187286425,0.7449587686666121,True,292.,7.324196026251926,4.2065144125980884,1.283618881417353,total,total,54.43473443993529,43.08321210542192,30.141563586056844
0.6576453832320267,0.5384532897600645,True,293.,8.222678176676087,4.198057734162874,1.271401133813051,total,total,54.31918213003988,43.3604216541183,29.91498030848049
0.48753294193020924,0.47364321752997995,True,294.,8.526509468444097,4.176924815317489,1.2756551807997871,total,total,54.50729521248544,43.428810413025424,29.730628614058272
0.29645635756847616,0.42017316344721717,True,295.,7.600116492120742,4.179295205845067,1.2841654727909806,total,total,53.23916665765285,43.03622889246619,29.84940258700226
0.6238635668333491,0.7157795719264857,True,296.,7.610920633110558,4.187819724549623,1.285513709075021,total,total,54.90225258746667,43.21812003387956,29.957378875633335
0.4646862128733882,0.6848472927741796,True,297.,7.328522007573201,4.189502904797842,1.2645570302761187,total,total,54.21432120290979,43.22212066061087,29.746769775378976
0.5270725297962032,0.6127132899962686,True,298.,7.020547841538864,4.187994174027899,1.2661610795626566,total,total,54.23633578809951,43.14968638053969,29.74780953026946
0.28959471273945236,0.7678001983461197,True,299.,7.943775983882209,4.204243873625262,1.2738957778718494,total,total,53.80455770171903,43.19895607386282,30.01001404130489
0.6226577809296991,0.849590001210228,True,300.,8.694604604786651,4.205858091226544,1.2783010577711589,total,total,54.310732298238655,43.367758171236694,30.076001571535212
0.28429038336823287,0.5331620211571754,True,301.,8.399978642682573,4.170735316288061,1.2835865360596364,total,total,54.14571298934132,43.3032280783999,29.74962686899762
0.5585066499554424,0.8407966685561155,True,302.,7.369831797169082,4.193292246866999,1.2790170734415667,total,total,53.64060700997392,43.06508287882236,29.946169297136006
0.5613163170296737,0.7784775602127036,True,303.,7.268417110597522,4.202750471340282,1.2809748368910032,total,total,53.85892482449648,43.042208578688594,30.07124325613631
0.5441565728709319,0.34328637176927435,True,304.,7.209948967105481,4.161622652643613,1.2770828737391882,total,total,54.81603010408932,43.214114479048725,29.57951780270682
0.4767061976632485,0.7533768474016529,True,305.,7.1137149443698515,4.203715528324757,1.2840544332554855,total,total,53.58304531329533,42.95149064873331,30.115619151222422
0.33363688012014814,0.3792292344264895,True,306.,7.171785490315525,4.185769590028074,1.268869746635704,total,total,54.613844969476965,43.19733192678669,29.75309029307986
0.25889157932927515,0.8262391724224554,True,307.,7.028384941227955,4.160314568639929,1.2520554059408036,total,total,54.237553147916245,43.26442779498584,29.29374874174304
0.5426671798502779,0.4832579425886813,True,308.,7.116317659879099,4.196781699605393,1.2735835621622131,total,total,54.79024360933308,43.16683172625612,29.924896097153766
0.4607780024666309,0.3048144356496689,True,309.,8.244432294941799,4.187272426484599,1.2813265053255176,total,total,54.49913330396481,43.32166110068184,29.905574276994745
0.37838905534307965,0.6723146596344974,True,310.,8.518945862838649,4.185099945522167,1.2856856611622078,total,total,54.61957061665828,43.346261691490575,29.929495154304924
0.5856695002745154,0.7184340440112733,True,311.,7.8750543437673155,4.188895589101454,1.2611309620872124,total,total,53.23373420650358,43.25356614038962,29.70278940866143
0.2597072052142889,0.5174073756289386,True,312.,8.264136243592686,4.1744424230882835,1.2582610556903635,total,total,53.32818904053986,43.35856116022941,29.514267088333614
0.58517881766702,0.47160753330436145,True,313.,7.682033359002885,4.163136211281334,1.2536122498549251,total,total,54.71110315764811,43.47750294984138,29.341163891222042
0.5464155405101576,0.3984978286243261,True,314.,7.258164384871707,4.209986911700734,1.2665666912813316,total,total,53.41106507570777,43.090000676039786,29.992639366335847
0.25428884573145166,0.8115295450827502,True,315.,7.635509981956288,4.178671140629514,1.2568543123893419,total,total,53.11913973674613,43.22015260230739,29.544936950415835
0.5409157630378868,0.301956971899301,True,316.,8.364127033577363,4.181824756140032,1.2620437847072985,total,total,53.59868492339586,43.38738891411676,29.635704690027243
0.26930201386780656,0.5011926077469051,True,317.,7.102376097640962,4.196239490104913,1.2877843759538894,total,total,53.30727379669437,42.89187238490538,30.07451776350254
0.4212915578206397,0.8261836606479553,True,318.,8.693948605783259,4.201811711020341,1.2610280835767755,total,total,53.63116025666038,43.40455893172041,29.84261862143386
0.46282738560537123,0.7241087043501451,True,319.,8.001628661032115,4.1874621607334825,1.278546291960415,total,total,53.446934346587575,43.168965389536346,29.87724840492113
0.5782569241626343,0.7617085957755111,True,320.,8.839961280936306,4.2017460736907575,1.2566206922107523,total,total,53.66754444854818,43.47212821917998,29.79376775109811
0.5699080838587727,0.5942329630721058,True,321.,8.598926226096792,4.192647224638921,1.2568878454721515,total,total,53.70165348918284,43.4554769096364,29.69743248037049
0.33009464623222223,0.5526941805210192,True,322.,8.900449452434483,4.203191994485899,1.2607841616740016,total,total,54.752094986342385,43.57471453089584,29.855035435083924
0.3640599945326869,0.6587903409548908,True,323.,7.147058386650491,4.165137553803871,1.2823597168069363,total,total,54.625234875260425,43.12101317109799,29.67522651331219
0.24986933599110556,0.3239519156901938,True,324.,8.057578874109819,4.170458853576367,1.2880570884228477,total,total,53.2971833048325,43.10862505744715,29.795396289059575
0.28946384390766366,0.40521749486698255,True,325.,7.052931676539366,4.197933395726732,1.2669634673276744,total,total,54.41428597839239,43.14380561376203,29.86509772382189
0.689036635089357,0.4814214669134681,True,326.,7.236134049157723,4.165466905523235,1.2686302084706969,total,total,53.45212293656803,43.14256002770301,29.52941144431718
0.3722152822213465,0.5837567800023209,True,327.,8.166423746775559,4.17222890358457,1.2839302773822128,total,total,54.64140134636821,43.32034221390019,29.76967300804812
0.346244536748837,0.39545583127990314,True,328.,7.438960750605419,4.174442661465293,1.2732295099458577,total,total,54.09318644037431,43.188318709007234,29.677132087167482
0.3329472223282817,0.3386403477238012,True,329.,7.275801221730321,4.199133519177456,1.2733103852968441,total,total,54.20924082900338,43.13139053833635,29.94764228761792
0.6080943382443328,0.6895786753944149,True,330.,8.046320333101823,4.161466425883138,1.265750709200102,total,total,54.67181158190835,43.461924533608595,29.454685831341134
0.33782404139584843,0.36789845261674714,True,331.,8.713680005263525,4.168998099725489,1.28769173495299,total,total,54.79529997499146,43.41313546953926,29.77546395188345
0.5741402465278916,0.7486561948879756,True,332.,8.517452108208769,4.194428699579459,1.2536272927804788,total,total,53.732371642140066,43.46595034384005,29.68131409588902
0.5062343376406979,0.43012551713454367,True,333.,8.485286876133802,4.175268219450262,1.2510568381602438,total,total,54.288608395133124,43.579264973918505,29.445003630851662
0.4600321405957723,0.520498600582652,True,334.,7.35758451106791,4.185013197936785,1.2798723101611915,total,total,53.79844748380373,43.08279456786903,29.86497361661928
0.45541957756134943,0.48794329566045186,True,335.,7.178192263271061,4.179136911955343,1.2651098006261712,total,total,54.11133340926003,43.18981006598995,29.639822267454626
0.48730313641580036,0.40019305668067234,True,336.,7.0256648993957835,4.197220782358722,1.2560398870066738,total,total,54.28206392295499,43.21573275381611,29.73805192804753
0.6160654881140067,0.6959207033150517,True,337.,7.440744334503141,4.167376837438556,1.2522786417043352,total,total,53.090707245167614,43.25274966761955,29.37266551260356
0.43822234780754993,0.720059719186474,True,338.,7.897564292246104,4.189950095923987,1.2672729186306668,total,total,54.0363438463298,43.29614778775272,29.78128303058498
0.3599962316997917,0.7024672492475962,True,339.,7.526509791641081,4.185774489065148,1.2826558546192186,total,total,53.11876322495592,43.010447462158616,29.903730423727914
0.28992458082662875,0.4998726592323991,True,340.,7.028499451594703,4.177860514047051,1.265800142212246,total,total,54.21479930889519,43.150108980098764,29.6334413405054
0.6517731633146215,0.6771795745909851,True,341.,7.831741542709078,4.193680004442085,1.250801004001673,total,total,54.26190693622985,43.4353225205043,29.642373451304763
0.3492777959798995,0.8250285247326318,True,342.,8.708836183252865,4.182285921399783,1.275389024718143,total,total,54.15302442652071,43.39642597974432,29.786215817483306
0.36001785417341836,0.5486920694575463,True,343.,8.02050591057988,4.1750397950430065,1.280205462310142,total,total,54.58923992538077,43.309215756969756,29.759700817874016
0.2497214370289399,0.5064748258443417,True,344.,7.95346598924119,4.195897674282924,1.2851826351370041,total,total,54.96433961718917,43.26558525857425,30.042241358310857
0.3772107607578337,0.4069028727703943,True,345.,7.614976237005426,4.193305168639028,1.2791299435835144,total,total,54.986797740301526,43.254893180031786,29.94754605748615
0.6031200598805093,0.394500017669152,True,346.,8.030672866311798,4.160710840264333,1.2852486180255043,total,total,53.18846725222654,43.14654726422095,29.65847442133653
0.24591272203141412,0.6817565145391548,True,347.,8.056129024955412,4.208403168475776,1.2744636005748768,total,total,53.19984490538628,43.13382247089339,30.061828007159946
0.3826085693689391,0.4344477129252969,True,348.,8.581512806698907,4.17213685606509,1.2503205346580113,total,total,53.18965850679435,43.46222197842953,29.403044154207585
0.44001382244667503,0.5887249849209591,True,349.,7.243204901291476,4.205528981618631,1.2611361081067196,total,total,54.07400255509801,43.19148811323615,29.884427203221875
0.6670932904518944,0.8554372544715119,True,350.,7.098749171553462,4.203073088919746,1.2695878708813777,total,total,53.412464565180265,43.04573093332893,29.950017980931353
0.4853856176714052,0.7988497873074644,True,351.,7.524228345809027,4.19466235216755,1.2757951320484107,total,total,54.799027462040385,43.2388852514305,29.925905086614424
0.6304372702919503,0.7295830407295716,True,352.,8.952002300862341,4.172268642338519,1.2790142630074937,total,total,54.010418905247704,43.42121849834943,29.716485314117662
0.6154945531659509,0.7224232363108766,True,353.,8.651605560277032,4.163670442113989,1.2713041665734017,total,total,54.48055546688411,43.50464108808903,29.538948997076655
0.5359557009118554,0.40142023956563444,True,354.,8.851872730599542,4.202875233633543,1.2509188171441985,total,total,54.35384334212182,43.60230640350753,29.743869548298687
0.30154344684132145,0.5459997308181852,True,355.,7.834690178383554,4.197297573225329,1.2887656903686788,total,total,53.51508422069728,43.051094707727636,30.096890132155742
0.3215923710593904,0.5140839336254719,True,356.,8.280743134361597,4.182008285346982,1.2701472320255904,total,total,54.62121977620933,43.421922088746086,29.725999785616185
0.6030841520759253,0.34938310067746975,True,357.,7.848227810460781,4.207751963836424,1.2762518313657418,total,total,53.11741963233995,43.10322661050069,30.074297625791758
0.43933386272524605,0.5445774218620457,True,358.,7.71833618090124,4.186481194795633,1.2779243528534805,total,total,53.7117989167436,43.155508938726335,29.859727989178403
0.2559016177990783,0.5482676503230004,True,359.,8.512173876752211,4.186882601590968,1.25269118625373,total,total,53.02105306164576,43.37944588547799,29.58896299340712
0.5883880728294086,0.6234944539459878,True,360.,7.421967616669411,4.186132659055951,1.2784735488498538,total,total,54.53223787752008,43.1901788027266,29.861921007482657
0.3797288143935259,0.30728647788706065,True,361.,8.709959978887479,4.208933135607934,1.2506839943117503,total,total,54.48083249872226,43.58024249441558,29.807419205312442
0.28593818197101595,0.7210464820519001,True,362.,8.142343721389185,4.197246347135769,1.2617557504540693,total,total,54.950321633465315,43.46644031995192,29.800703901490255
0.5567734572078118,0.617666744734239,True,363.,8.987122746564028,4.162214092511988,1.2690770070890898,total,total,54.794340229247695,43.61514486968747,29.498923008605882
0.6052487384604767,0.6030729327438341,True,364.,8.715695502771657,4.165288183788308,1.2826657887299628,total,total,54.79002056690343,43.467728741294856,29.680202486677604
0.5588131066436378,0.49163447926263404,True,365.,7.064555756752435,4.176221050066246,1.282793776387827,total,total,53.20690260293614,42.954402784573865,29.800842875445394
0.6407841766327841,0.7026679469195515,True,366.,7.373586803601725,4.183395076310517,1.275674843025808,total,total,54.459471073671295,43.19791485190632,29.801444384202707
0.28629727165429003,0.3908019239756292,True,367.,8.349526310183908,4.1784314478183795,1.2869823955621376,total,total,53.83307432837603,43.22067249076601,29.870748479415397
0.616518419845539,0.6845988932158061,True,368.,8.990035233686562,4.19740232420604,1.284119822344159,total,total,53.84057532071164,43.32313347666989,30.04708504312031
0.5113597310329907,0.6432502126068392,True,369.,8.981782649444101,4.203821651959582,1.2843768437205891,total,total,54.3723251896602,43.37312156165467,30.120322727986096
0.5751823820336481,0.3471221092216443,True,370.,8.027127875923522,4.195401102699486,1.2807569958857399,total,total,54.88748918800631,43.32466320546563,29.98830752070055
0.2707653816349259,0.28597622900508374,True,371.,8.032988851576052,4.182018738316996,1.2752993694364052,total,total,53.38060264715044,43.19238550606764,29.782320929213167
0.3862927719377945,0.800116211626173,True,372.,8.34303094358404,4.175642619424044,1.2795649066154744,total,total,54.34211225672778,43.34157947715541,29.75928915215821
0.6079060755896456,0.39347619741692086,True,373.,7.5890900377516495,4.16648534920494,1.2761873867336793,total,total,54.03665104467012,43.220183243244676,29.622686510529576
0.2517061458658019,0.7164545922200614,True,374.,7.916830321820331,4.162894934864959,1.2648807439859855,total,total,53.42205894136633,43.27530322249834,29.460748819925836
0.5932952977195384,0.6886666776655496,True,375.,7.169683904549045,4.161877512537326,1.258128339654203,total,total,53.673348705181205,43.22143471267828,29.37646343779042
0.4025974629927925,0.6481413059047842,True,376.,8.631624567859141,4.179200645176546,1.2834705369949417,total,total,53.90837180754926,43.30369102032293,29.84077644452683
0.4941383985455433,0.3354656541457856,True,377.,7.788791961968052,4.185569727739346,1.257995074896816,total,total,54.979090212074624,43.460814901896526,29.63239776049928
0.6732535994519661,0.4534032603674198,True,378.,8.193011658980616,4.164660977667329,1.2773361033579864,total,total,53.00346502039639,43.20658175283332,29.61533222988805
0.5341966216244117,0.817954111873049,True,379.,8.211103383613882,4.198279729422911,1.2739297581319273,total,total,54.945408876405985,43.40236814850462,29.94507667568519
0.5320392329049556,0.5300325762799459,True,380.,8.208867108353619,4.184457588080709,1.2833302913953653,total,total,53.62063778689077,43.201111946196704,29.896704294945458
0.39770449069323816,0.5896036071280033,True,381.,8.565389019975179,4.198308998704091,1.2616183781690309,total,total,54.983217740257935,43.55358969607442,29.810806960728605
0.640557659107695,0.31653725905232183,True,382.,7.4824389845960795,4.185218396945764,1.281780631313089,total,total,54.117264955726974,43.1438485012642,29.888078374983248
0.26701980907552925,0.39155337742431,True,383.,7.708480484916647,4.187800969857914,1.25832873577081,total,total,53.8729659370602,43.302760848242244,29.660328770531617
0.5595928333838628,0.6467716751098925,True,384.,8.158982870880875,4.2080491048007325,1.2669721871952753,total,total,54.28281946828718,43.35471312990683,29.975858147809635
0.5514664102670346,0.31488917606599726,True,385.,7.0578205024539855,4.196362060816477,1.266989756448885,total,total,54.82009958635681,43.205843414024486,29.848213079216737
0.46077260007885085,0.574835777516825,True,386.,7.5620661168012635,4.209371849781132,1.2514750147047466,total,total,54.2221496527471,43.33926722339539,29.82084847736525
0.5271946636356598,0.7881520880105893,True,387.,8.74917284485335,4.177507205321045,1.2593522787527995,total,total,53.64635207747487,43.47445044980434,29.55944104956371
0.3536665749095373,0.6925003843919574,True,388.,8.448592446258502,4.185708576457421,1.2802423759521804,total,total,53.78894871069614,43.26972971985383,29.87661981414743
0.5885424980677636,0.845506955211129,True,389.,7.098750017056676,4.20788180815766,1.2604615122025606,total,total,53.18792494928044,43.07528707554287,29.902778669328246
0.5586362971154156,0.3078169159423111,True,390.,8.189842490491296,4.1857649081621116,1.2683839653416331,total,total,53.83264425280276,43.33514272953833,29.74773993434217
0.3862982735913345,0.6267859403655978,True,391.,8.498951869876684,4.196834176560065,1.2631124517415293,total,total,54.619377192394865,43.48933349315003,29.81101718390195
0.33993014514022407,0.3109321353614687,True,392.,7.626321725344837,4.207344765214544,1.2817203307724532,total,total,53.11781264918603,43.00951917795453,30.129835627982743
0.3974346259534808,0.6004302197855507,True,393.,8.229778085750041,4.1666802076892,1.2636931979411936,total,total,54.34886130817473,43.455217982478956,29.488955324577848
0.614940598389317,0.5209400952196401,True,394.,8.319663574558074,4.1847183167561415,1.2809050211636857,total,total,54.60237926497342,43.3603385303899,29.873038472013874
0.3717873860731011,0.6891333661151269,True,395.,7.390719727876313,4.1821144379143735,1.272199264296392,total,total,53.68253115872034,43.127978909023724,29.7495379621241
0.2449709664729543,0.5245308483204107,True,396.,8.985476098750802,4.2084543468538245,1.2566601178117007,total,total,54.93100268083861,43.62701602455192,29.86747611189635
0.29893081795271353,0.4293785386981585,True,397.,7.093778337775259,4.200750058551371,1.283068759770705,total,total,53.673685688196294,42.960173834049826,30.072268832183333
0.498308093096994,0.7260671880710214,True,398.,8.629050810679272,4.192781537135462,1.267768242046402,total,total,54.61868938008567,43.48867893428323,29.817603890923106
0.35639662877616735,0.6762072712133333,True,399.,7.999260788748554,4.193204652568186,1.2724268122351243,total,total,53.11795161902506,43.15899317302389,29.873127309047984
0.4340913753626123,0.6121758780869047,True,400.,7.398416045333142,4.176002552621617,1.279520363183062,total,total,54.35495869450358,43.16274102667679,29.762730284869992
0.2637250556236058,0.35584857810484993,True,401.,8.03947405026177,4.192548718217239,1.2836444958422204,total,total,54.48527931409373,43.246159942998105,29.988692117710873
0.39139121687215767,0.6009334432919825,True,402.,8.095025956082894,4.191618169276722,1.288828211714941,total,total,53.72986864656379,43.134868427716256,30.035292534924615
0.49774100628658574,0.7528763862265412,True,403.,8.65376610537521,4.196857476002835,1.2724474679937032,total,total,53.934472710006524,43.36641874335963,29.913296570424972
0.6832272261044271,0.33781742705225387,True,404.,7.596118846363018,4.179514464527429,1.2887393430686367,total,total,53.3763169116056,43.043461291337046,29.901799704288866
0.2689653632947515,0.8242147141825276,True,405.,7.1131444279271125,4.165304051733417,1.2823036694978092,total,total,54.91752704896833,43.13284103238186,29.676429884418067
0.45940546394891973,0.3458254696052848,True,406.,7.9857140746134565,4.205431529520402,1.2596555326455436,total,total,54.10756859899558,43.35823630112946,29.867176597053607
0.3580781215213705,0.4756714072111526,True,407.,8.780254511512858,4.170691090979012,1.2530197482514738,total,total,53.88134168090691,43.561900936398324,29.41663926758626
0.5091848743925013,0.8128496782834276,True,408.,8.255684514475352,4.168588897657197,1.2836693946842659,total,total,54.979228295350616,43.38895158162967,29.727120486406253
0.674761490615212,0.4651814663251226,True,409.,8.110378350802417,4.1951105194266445,1.258002045353499,total,total,54.65627948118621,43.48268935442241,29.736436644163074
0.4154974524862181,0.3067347363736575,True,410.,7.249434217821635,4.164634114028832,1.2751994757541805,total,total,54.789102111984256,43.22244978078445,29.59178948453154
0.5175268414975631,0.638356987155526,True,411.,7.743535783596812,4.187714744601507,1.2840970049304437,total,total,54.748225183580686,43.2337553439579,29.94072382231591
0.6232579288278212,0.5062603493556636,True,412.,8.575656580725578,4.19837442660072,1.2729717934572706,total,total,53.37052324914619,43.286452709063674,29.935629459742866
0.5628665231684065,0.6806237282273638,True,413.,7.059185843111948,4.160558483648514,1.2578960574104452,total,total,53.08393002322864,43.13623518582517,29.359649613522453
0.48446481662817964,0.8350772899299667,True,414.,8.168594288580586,4.186423125999094,1.2585557912372816,total,total,54.415730064248315,43.459850814271775,29.647795409148614
0.2983073365611578,0.41955760978935014,True,415.,7.081221635512229,4.180128936507457,1.2893851281012403,total,total,54.07025367155047,42.97928101067143,29.91558410295235
0.26795213641686977,0.3775207485203027,True,416.,8.675174230683602,4.185563730366789,1.2621921764508468,total,total,53.97691194889407,43.46092187407214,29.678044420266442
0.32673871914227715,0.7477140713156005,True,417.,7.258310299476024,4.162551868955952,1.2650278735145843,total,total,54.026655679442975,43.20953093457791,29.458621860876534
0.2594717319958641,0.733543866714976,True,418.,7.965305670039056,4.1905805227982365,1.2702617475165592,total,total,53.224572635980394,43.179299653302586,29.820798301256854
0.3096353070670675,0.3880967446762074,True,419.,7.217643177518191,4.194944203247584,1.2821521430468585,total,total,53.620496764145244,42.99655152350658,29.99858438659193
0.5240487322473908,0.5533952482487385,True,420.,7.472221919376363,4.194304398497911,1.2565899938819909,total,total,54.71274975589634,43.3613119053322,29.71224967687866
0.33075013588972674,0.40179767063112365,True,421.,7.17570812898529,4.171685275853883,1.2759191108618855,total,total,54.44705271460559,43.1490844492466,29.67639355416489
0.44299484223428653,0.7717261832645482,True,422.,7.801740073488734,4.179753285177434,1.2836255493664235,total,total,54.50339206116589,43.2270177782975,29.8485082897418
0.297095704524598,0.6851492500503865,True,423.,7.658378861541752,4.177411265533405,1.2763556116341443,total,total,53.46061304068141,43.12888278715848,29.74357315048988
0.39149934298706107,0.4323482195075586,True,424.,7.5026075390864655,4.1743227723265255,1.2854006661773745,total,total,54.51538955109233,43.16235005839968,29.808580024948853
0.38779353821579743,0.3668513541122655,True,425.,8.268310725204941,4.206177885050565,1.28273219572342,total,total,53.044179936604245,43.10304121943626,30.12813387482227
0.49383012841212354,0.3148209399981377,True,426.,8.066503298390078,4.187741673430519,1.284805469039774,total,total,54.1267807059353,43.22194250159062,29.94877222655978
0.40298651902719357,0.39620807718675494,True,427.,8.708296836089877,4.20650508910373,1.278719869381533,total,total,54.63337187119029,43.39893122716482,30.087692845189647
0.2703543610317729,0.4581039452596143,True,428.,7.474638225657008,4.194936528091625,1.2535321750972366,total,total,54.85572947518542,43.38264931870651,29.68581120962852
0.6476754738738514,0.740557907224837,True,429.,7.702368323647798,4.176326470822742,1.281559514848107,total,total,54.44158580466162,43.23289037873424,29.788519432582255
0.4672462761010053,0.4751621673546064,True,430.,7.154494945231024,4.186734220111159,1.2813363572155139,total,total,54.54633312176486,43.104408054568495,29.89979583862565
0.25091290878773315,0.8021246838905455,True,431.,8.551630280462401,4.184510704347623,1.265453082377405,total,total,54.840989159537614,43.51902344336459,29.702105276614212
0.539982884850483,0.49511621489899343,True,432.,8.223752461506843,4.203168674100389,1.257483241710048,total,total,54.23557306549637,43.43725599302337,29.818719345644194
0.6105449404208565,0.5621252484386876,True,433.,8.372609170017677,4.206603137190267,1.2509279746935684,total,total,54.03995716328101,43.48413224989436,29.78464583718001
0.3859171278249289,0.5765276746210987,True,434.,8.623926703573767,4.180161141423422,1.259667045102917,total,total,54.97107736117328,43.60616819350373,29.591730698926444
0.3789629518096398,0.5122313714703849,True,435.,8.80358303003242,4.204350861821665,1.2893362832992958,total,total,54.69085368249715,43.34412931245167,30.180598448467293
0.5823582697210475,0.6589145035370748,True,436.,8.346417807579583,4.196540992679615,1.2740448639795707,total,total,54.46516726760274,43.37647860037062,29.927309615079512
0.23996981871003492,0.7955570824929088,True,437.,7.844154758834889,4.204924825983929,1.2681369384186454,total,total,54.29847404186811,43.27453587298135,29.954405076965422
0.392772014263129,0.4667872179596798,True,438.,7.895818630792366,4.162018050266869,1.2564497373236092,total,total,54.3940963663595,43.457290768681666,29.359793165155647
0.6277490243623263,0.6836134699023686,True,439.,8.77353777515821,4.1949772181537694,1.266500880162651,total,total,53.60762470033258,43.39725187324334,29.827743018389945
0.5392737480767524,0.7218965277081624,True,440.,7.833708459417083,4.179185313774771,1.280764004543314,total,total,54.72477014362407,43.285966881846775,29.81104655860212
0.6807083642705657,0.3385681362512903,True,441.,8.152362746409176,4.161989733636429,1.2533051322284856,total,total,53.063261704717625,43.3903315267926,29.325418484262908
0.3948846326957565,0.2896724738207262,True,442.,7.915975418683059,4.1811587764458835,1.2767547895703346,total,total,54.602438561001215,43.3115151872523,29.788820494103874
0.6156907392514492,0.735437749453684,True,443.,8.262183413537995,4.185562197474605,1.2638504357577782,total,total,53.30489202944938,43.314537150021174,29.69609804723269
0.4392872886032388,0.5048158325543987,True,444.,8.79198360769977,4.204150761428855,1.251525629926803,total,total,54.455936467331654,43.593027885244275,29.7644048871955
0.5765065886248592,0.717197424978574,True,445.,8.641705336912153,4.208007136864689,1.257974251164169,total,total,54.18978549680927,43.4883046974396,29.876952534277883
0.7080649911740863,0.5660284107625954,True,446.,8.697893352581257,4.192888245997595,1.2876900278550487,total,total,54.49910328198259,43.351784464437664,30.03673821582562
0.41476154921688607,0.7317077321031994,True,447.,8.222442706358907,4.16021522061779,1.2769870194874486,total,total,54.30087531520119,43.360875912820845,29.563168199805418
0.4226571052309023,0.48642790282846465,True,448.,8.365583665696757,4.207873546109392,1.2647039463845797,total,total,54.78701458719653,43.460626461109996,29.949104411351602
0.6825291795146056,0.5524498840892929,True,449.,8.229575166063618,4.161292817633855,1.2721272121503662,total,total,54.81261192147422,43.47307859850752,29.522053220060368
0.4026068830883567,0.8064402761755614,True,450.,8.920626359973843,4.204514849038297,1.2849370454455287,total,total,53.78768065314138,43.27598025115251,30.134082101852062
0.6774556537731434,0.80471839382011,True,451.,8.899870386156717,4.195036356040251,1.2592278136026516,total,total,53.94973591810153,43.51419896114447,29.748997632250383
0.3305711347118712,0.3421281211713803,True,452.,7.207193763320491,4.1641425936189895,1.2652551903065459,total,total,54.83806401829889,43.282242368659524,29.47836029609552
0.4722737659680067,0.7897197683957935,True,453.,8.37917771265982,4.1796430297009035,1.2778339383702368,total,total,54.17559057272357,43.338844422460376,29.784054857026966
0.48101438564811716,0.8314258286892066,True,454.,7.9971391138385615,4.1649082370069195,1.2642418579761345,total,total,54.971925161164016,43.48218564575353,29.475670753854505
0.4679105488807139,0.7570303170334807,True,455.,7.623763132011189,4.20134846350277,1.2887019589208917,total,total,54.98645752447949,43.178100263787144,30.140653640754223
0.374480760646024,0.7639897377835925,True,456.,7.770746904567207,4.178499907789359,1.2740475774318463,total,total,53.61507260269481,43.18715235382297,29.730274078592082
0.5331679584122461,0.5300859717144911,True,457.,7.9425887307548715,4.19716950938065,1.2838134930563294,total,total,53.2761680172875,43.09198902782393,30.041174673003088
0.4797978790752008,0.7546944554239025,True,458.,7.963462536107178,4.163433901911481,1.2821342945761394,total,total,53.56648866685944,43.18719477553485,29.654212982597436
0.4381963319437996,0.41807997872423164,True,459.,7.4673377351187735,4.179921886135993,1.2701994131074104,total,total,53.48093572521117,43.14716128948464,29.703822176466605
0.6299753319699187,0.37340398803470054,True,460.,7.2258649654754965,4.1921973367952345,1.2776791035249788,total,total,54.13036515756224,43.10948738588867,29.91954827237013
0.3514569453965652,0.7211065593083823,True,461.,7.693113602301061,4.18808266865788,1.2652337881265179,total,total,53.81789863183558,43.24422237514238,29.73866037783554
0.23964925202738285,0.6046203442074283,True,462.,8.946585110093828,4.169018609989283,1.2715165752129662,total,total,54.33968611794748,43.50509362207762,29.599423101423678
0.6980161691487063,0.2809111751956739,True,463.,7.673896213287569,4.191375891626148,1.2578595500649556,total,total,53.07208023202317,43.23170604132102,29.69416689898243
0.4884666140808679,0.5403719035561382,True,464.,8.817350194812406,4.166455108168638,1.2703696226352161,total,total,54.29889544010285,43.50620518277793,29.559063153480395
0.4386357762080236,0.40562443337064963,True,465.,8.529987824476066,4.160788518234063,1.2582909175340962,total,total,54.58076089006653,43.590288289855245,29.366421931165352
0.5728126293342538,0.39757607420193075,True,466.,7.995699191363369,4.1788073267437,1.2587614304184997,total,total,53.9835142963578,43.39893576412565,29.567153988866465
0.462111809974201,0.8580750106960877,True,467.,8.633133397623471,4.164766365776575,1.263290249510856,total,total,54.39244602660557,43.53804083926187,29.463798618765647
0.36849318449400725,0.555209411876953,True,468.,8.241756469070058,4.183202367234466,1.256579022809303,total,total,53.05388908912312,43.32496367178153,29.59122157146652
0.6114349726891855,0.7111649858159352,True,469.,8.170253842936217,4.204984119594287,1.2611572390345613,total,total,53.067287825649956,43.25959886927441,29.878701352512827
0.5203589642524517,0.4469381183642615,True,470.,7.82753201893874,4.184301157807027,1.2890423989714122,total,total,54.21984285849561,43.16299117288337,29.957489690528046
0.5281620544281823,0.7344000202025258,True,471.,7.496802381870474,4.167807523505009,1.2587997247310085,total,total,53.91166855530013,43.30079146895848,29.44806622660768
0.2860902636985237,0.8265199561161269,True,472.,7.666561979586221,4.186206831451999,1.267195593614935,total,total,53.91054004606089,43.23249321436505,29.739598009725917
0.5269801817244089,0.32918458241537485,True,473.,8.254104663031104,4.175312829398761,1.2549195693484367,total,total,54.878911583785495,43.58160102723412,29.487423904403748
0.6250655677883119,0.667369566170785,True,474.,7.296968534291453,4.175726017245507,1.2552505577021638,total,total,53.07277484998446,43.18942686246301,29.495506557630335
0.38524588317540914,0.5673244635341487,True,475.,7.6130183646261695,4.187054782749595,1.283028822497449,total,total,54.296573720577506,43.15902577327301,29.921814648392502
0.6856680215256433,0.31294400243634496,True,476.,8.589166000984132,4.209354658926125,1.2570884293603022,total,total,53.43781296613834,43.40114444279521,29.882000037474448
0.23855263462484128,0.7982074557828914,True,477.,7.653881489468735,4.176867382582639,1.256157379045414,total,total,53.85539153733234,43.31409762384154,29.51775806046356
0.6867764689254688,0.38661543795776127,True,478.,7.8416581561585925,4.209602336606048,1.2591348405973861,total,total,53.52433087462544,43.27583849978697,29.907086313326985
0.37837980663077647,0.7126527675432269,True,479.,7.57020971807354,4.201314940693225,1.2829516572746285,total,total,53.80171667443293,43.07382200186843,30.077180117585886
0.5696877340646407,0.7491880121200716,True,480.,8.546936618961842,4.175627565572741,1.2604652252619715,total,total,54.458391395164874,43.540933552113835,29.551104830565137
0.47823362928241725,0.3166350328529795,True,481.,7.214137343651546,4.162087514713106,1.2520562474554953,total,total,53.44623409373798,43.248743035633694,29.312952677429177
0.3424967867938857,0.3411624786298936,True,482.,8.076272354612762,4.201762293330161,1.271281705844009,total,total,53.16577436862353,43.17630622760359,29.95421061689639
0.5710279976427947,0.5579749465157127,True,483.,7.146322670767194,4.1888936727438795,1.2887045154892263,total,total,53.87232228885047,42.9838788284843,30.004081911734605
0.6194318819051837,0.4574223863744828,True,484.,7.973849647740559,4.162375609484734,1.2593797059117877,total,total,54.62034768272163,43.490050886743035,29.395430700030435
0.39445410760971084,0.40650447941168893,True,485.,8.112830521756678,4.202787051030454,1.267171389225996,total,total,53.64571429307671,43.27121208976189,29.920445338132776
0.38587533228663556,0.7746002754161243,True,486.,8.77489430175951,4.164677948706368,1.2712970684182072,total,total,54.363846939474946,43.495979946240574,29.54982438680252
0.7101387337204174,0.8468922588099564,True,487.,7.640821757305332,4.1811538447343946,1.2836610979495786,total,total,54.01576277637765,43.15380695944784,29.864202357782037
0.6754976804634796,0.7247382661326173,True,488.,8.890466574181927,4.183114963497217,1.2743453988730555,total,total,54.56311570011338,43.50077682191582,29.78387360684267
0.47850401559806455,0.6175792871355847,True,489.,7.452142995907912,4.167217842794209,1.251729670913499,total,total,54.338429327620936,43.3863906534245,29.364992156318948
0.6279961353931781,0.5775411741799625,True,490.,7.707027357816845,4.179721866102401,1.2519206625547767,total,total,54.17657128762406,43.41380749448779,29.50274055911734
0.3503535360601001,0.6712774590352824,True,491.,7.011780487004097,4.197135914036159,1.2620708906073737,total,total,54.9023579760266,43.21641015785583,29.802938935866244
0.36694976867886747,0.7455170317628734,True,492.,7.588747570225363,4.182981116897107,1.258536992155432,total,total,54.69401953224789,43.37433917240553,29.61011933114672
0.5253075654763907,0.4961750559870705,True,493.,7.5731046024871365,4.172255111565814,1.2827052668593961,total,total,54.8859270203727,43.24683999829037,29.75659273018891
0.649035928047864,0.8200602940439252,True,494.,8.43852307863442,4.187356581697689,1.2716633749853474,total,total,53.04548273969226,43.25010682463816,29.80089888746366
0.46442293690113906,0.344491725360057,True,495.,7.318445958867503,4.206684199343385,1.2840853209915017,total,total,54.89228543064031,43.13351199502232,30.14854992543861
0.5522868335727309,0.38635289524931904,True,496.,8.427147804859457,4.160309683275344,1.2726262957647352,total,total,53.49006868150443,43.34094550471583,29.51679335234818
0.6472094845868507,0.5523406900959991,True,497.,7.563275599964815,4.1902706940133125,1.268984046702427,total,total,53.02435724122671,43.12000880271909,29.803462324027272
0.5834418268814225,0.6299190488989309,True,498.,7.5902996860543315,4.203518859367204,1.2841089932407348,total,total,53.73108270741487,43.07251287751007,30.114059448718418
0.35184660091886105,0.4880645137795317,True,499.,7.165530045118248,4.18683220557813,1.275249907016166,total,total,54.913238917855175,43.178647820328386,29.83434100472257
0.2958218817941103,0.32141191519513856,True,500.,8.226443051800565,4.160221795159494,1.258645776311841,total,total,54.84035152563172,43.55636346498781,29.364125757143643
0.5055174403789593,0.3132985348212629,True,501.,8.291531160182027,4.183376115354424,1.2868074835489103,total,total,53.321864457867505,43.15457189633499,29.922908605711037
0.3495630083794257,0.5332244291033555,True,502.,7.412261922147426,4.191002775548097,1.2832878072364604,total,total,54.26724855897358,43.10488119394941,29.96785738476369
0.3066944825123905,0.4258794513280762,True,503.,8.862643241398015,4.197460304866841,1.2614271737950158,total,total,53.23288251603005,43.37979391928459,29.799452504691203
0.3525204058665575,0.34566670465904226,True,504.,7.727540548338355,4.179891773509839,1.2567892680671562,total,total,53.76743518169535,43.3232385388081,29.557500747842724
0.6394968738101862,0.8420566033286667,True,505.,7.991248197165433,4.176046146632595,1.2707006977846858,total,total,53.7574214154463,43.28764543582084,29.66705118716961
0.5788623342618537,0.7469043215993441,True,506.,8.86995030698722,4.182150301748187,1.272737928811961,total,total,53.49747331534128,43.369232587268925,29.755805607903625
0.3033233194018766,0.5179545617164755,True,507.,8.186640585774771,4.184756427769374,1.2688001240673852,total,total,54.50123151643105,43.39510060098474,29.741279064081642
0.5753898209909787,0.8080752723408596,True,508.,7.337162638123281,4.2097826269910374,1.2520503195847787,total,total,53.42877237213487,43.207189630451595,29.83161913630106
0.48585291882668347,0.577403523404695,True,509.,8.503808559413496,4.184579136178242,1.267625207172346,total,total,53.24196885957196,43.312859244026,29.72653220165102
0.5484786032043337,0.7468491972706999,True,510.,7.782013357587508,4.2001588207859655,1.250414811722242,total,total,53.86712572030544,43.36739752932459,29.70875292339372
0.24475145934046794,0.36559007266211035,True,511.,7.453333389036789,4.208008393135538,1.2531114611647898,total,total,54.703617438522855,43.346771607135295,29.82383006303323
0.38053470535724515,0.6982153367435686,True,512.,8.505847375331488,4.176043258151515,1.2857024043933318,total,total,53.59468353480221,43.23115561058585,29.83066568232745
0.5458121695030275,0.436240321737272,True,513.,7.621033685293902,4.2054209890486,1.2589723105985242,total,total,54.46955531737863,43.33757652888576,29.859594133228388
0.5153462916369738,0.4137240882529238,True,514.,7.705494681314352,4.188292797335737,1.2806307618542498,total,total,53.96460274154312,43.16604851014115,29.909124896263275
0.6747294790310137,0.4363808518158455,True,515.,7.17728262302039,4.2045436901545825,1.2712945138672664,total,total,53.943162888451354,43.11107663704165,29.984804036625224
0.4377626208832754,0.8431305967651821,True,516.,7.701225477581344,4.183674472327967,1.2510403965162753,total,total,54.6693121575411,43.45124537348494,29.53612570563669
0.648440170072597,0.6524273265980682,True,517.,8.386510317446819,4.162452665854633,1.2585240899030232,total,total,53.82327095735212,43.47801886077095,29.3869889864648
0.5370318997420621,0.6190960992839089,True,518.,7.12890787045284,4.177196381974998,1.2611868075631887,total,total,53.0722250103137,43.10416550199056,29.576011716251532
0.533276448694978,0.5601774746552545,True,519.,8.01760863517503,4.167267361449533,1.2607304553548895,total,total,53.99129317164956,43.40306095056256,29.46316029923358
0.6678045679545229,0.5623159638818521,True,520.,7.412633889840855,4.194134607065835,1.2780579586318692,total,total,54.02647054386344,43.13261531606012,29.944891476077224
0.3571778808793943,0.3016865704895625,True,521.,7.193020878238572,4.207949269739118,1.2778408926919798,total,total,53.10587094453661,42.954240266658665,30.09389370622581
0.5893533012358405,0.7677056034717418,True,522.,8.599699242113408,4.199776202384007,1.2724435706391082,total,total,53.20359487703286,43.26531567420485,29.94518924426516
0.3710255576939422,0.738142798291602,True,523.,8.068624620016486,4.207083344057392,1.2785051146322932,total,total,53.96687373093212,43.20766475798107,30.091680738109478
0.5497764823401652,0.6999530171432887,True,524.,7.995216598496379,4.198646224978922,1.2793056957652982,total,total,53.45639207034458,43.15214254131848,30.007957245985285
0.5266823650836041,0.3473179503904165,True,525.,7.386268020904575,4.165558072370313,1.2651463668423473,total,total,53.95418705083571,43.244696862307926,29.492550706084096
0.3993455930447219,0.5078724001828246,True,526.,8.69999040786467,4.190960736059576,1.2517711437545807,total,total,54.62094841492762,43.61722516108351,29.623330315545346
0.504228313157813,0.5407519831592217,True,527.,8.70782327890354,4.184041146075599,1.2812659792417682,total,total,54.301143188704344,43.37994150516108,29.869581974044785
0.534091384157271,0.4940038215424516,True,528.,7.893225404396702,4.160903950616571,1.2578084901012092,total,total,53.84187479295298,43.394130812725905,29.362444515189637
0.4642084124398555,0.7451733608678863,True,529.,7.85480883309724,4.174392742694975,1.2730580681277066,total,total,54.51051918416025,43.3242388535205,29.674720336332694
0.5223013318980263,0.3802340196653713,True,530.,8.648458373979366,4.169766948523918,1.2768668301583803,total,total,54.170046532066976,43.41308756836265,29.665819519083012
0.5949471845291702,0.5494954943844907,True,531.,7.590669148165828,4.172855612419072,1.2694924531291123,total,total,54.91711807130841,43.35138448744627,29.619152466576068
0.5204108866824877,0.60692797198675,True,532.,8.807231181765376,4.174481400421475,1.2712038230161387,total,total,54.10909140543656,43.46164649576716,29.65548755276677
0.35092762412159784,0.40737654915385046,True,533.,7.099666023987195,4.165063529115059,1.2592175153851068,total,total,54.82164015683486,43.29560746503321,29.42282484972381
0.42381474993141743,0.518640269561185,True,534.,8.258403613996869,4.200581885034872,1.2726038016404342,total,total,54.77385721866875,43.394353304631224,29.95576156082744
0.43712883527371266,0.3108837640911792,True,535.,8.96779743591503,4.187039628653735,1.2629745016894092,total,total,53.11993768192475,43.393954307627276,29.702654020939935
0.27156695023429633,0.7527115106862621,True,536.,7.7633733225943615,4.197350562804712,1.2648486586995564,total,total,53.27668275187716,43.179195727882544,29.835620335401845
0.2767944312314135,0.4867778840681933,True,537.,8.763083970341176,4.182204899302324,1.2751766869249044,total,total,53.855356935638646,43.36837125305771,29.78301377769202
0.24511767001507417,0.5108156357117773,True,538.,7.426178240796851,4.1887653404221,1.2549812370663245,total,total,53.79048232898196,43.25557379360536,29.634376799916943
0.6522150903653834,0.5080753446599957,True,539.,8.949179618144665,4.1852260575611435,1.2520885024109516,total,total,54.293194779764676,43.63646416017771,29.564389624084537
0.5398329529803938,0.7010096652327289,True,540.,8.89760792911252,4.162763937456248,1.2801187442778303,total,total,53.162075239319265,43.30551062174318,29.62497188712075
0.333080845095826,0.4757657931707589,True,541.,7.765563400212639,4.1715763136278,1.2796032464761118,total,total,54.32681597594343,43.23814537417861,29.715358596494674
0.48204986460857563,0.5352647817942574,True,542.,7.431008766332848,4.206868883321185,1.2888852499684262,total,total,54.266850249985765,43.05600327453227,30.203313493569844
0.2776445999751418,0.2828756230876024,True,543.,8.147220194047073,4.164806229812054,1.265654926469685,total,total,54.04705664828637,43.39012470306774,29.4899083698848
0.2551268574978173,0.4553864282020477,True,544.,8.653609643517495,4.185209737616413,1.250579600911051,total,total,53.31545691915688,43.457959105924516,29.54780573284884
0.633971773634996,0.6343809979669612,True,545.,8.320283438203884,4.207220083234828,1.250340925388788,total,total,54.96631069583437,43.58780558046214,29.784972162848828
0.5168244858091091,0.4269496947979721,True,546.,8.13724777081503,4.167727253718488,1.2714507017970937,total,total,54.800951744128284,43.44112501536714,29.58465683176667
0.4130111955366016,0.6505665408705414,True,547.,7.647425032498157,4.170173705691847,1.2734021871125563,total,total,54.58430796951221,43.29134574532845,29.63251850072126
0.42217810954902263,0.5437713700397143,True,548.,8.993486592744908,4.195856197518962,1.2655740117543635,total,total,53.01000935482872,43.34480593095154,29.827219930763285
0.3341390645787732,0.7572408852741797,True,549.,7.91657922798283,4.168049025165893,1.2814115457937116,total,total,54.11519181103216,43.2323876907662,29.696620514443385
0.3900198355796693,0.631177171838256,True,550.,8.938189382559145,4.207255166365511,1.2593124023947284,total,total,53.83849507746798,43.47040159505698,29.883360983821234
0.4909094467445021,0.7798766238041306,True,551.,8.82108671867572,4.168124669031268,1.2568869592202947,total,total,54.63580475593558,43.64277332183235,29.430751166664677
0.6948518845672949,0.6208356777818347,True,552.,7.160400218221804,4.185793335892712,1.2752193728888994,total,total,53.77191858785277,43.084328742522864,29.822659805474274
0.5507580718744978,0.6699917093853262,True,553.,7.179329586192982,4.204708945280647,1.2898572577132916,total,total,53.41503026569453,42.9108476871864,30.19025775908323
0.6154868396687557,0.7915877674759786,True,554.,8.115137224841943,4.182325436227741,1.2691412535976256,total,total,54.25156959162059,43.36884862774761,29.718489070275538
0.35312214254313273,0.3962260830043913,True,555.,8.866534718178741,4.170022022039712,1.268720195489403,total,total,53.59373740798175,43.42367859285355,29.57991690873351
0.6632117121825023,0.5827769397887306,True,556.,7.511036773919335,4.176355855862296,1.2574115829732901,total,total,53.82515215883067,43.30305433909273,29.525828579349845
0.4069181275604696,0.32397341715647876,True,557.,8.543928379483756,4.163360544301314,1.2600945495601885,total,total,54.722723796973476,43.59149321220505,29.413865155132278
0.6507789851523792,0.811715328115818,True,558.,7.528794819830582,4.170587502040543,1.2838569683744485,total,total,53.62617811210974,43.09812329852341,29.750964480840672
0.47598396460057246,0.6264770884036995,True,559.,8.11852921014371,4.186508457034482,1.2715549883682276,total,total,53.979891706893014,43.30739999595178,29.790456574041297
0.39082533104360606,0.591718529037026,True,560.,7.553448140888223,4.175453188360572,1.2831308620686637,total,total,53.209503471566016,43.04051664024983,29.796139835600435
0.3161644039393241,0.7809163607761825,True,561.,8.026882003683015,4.184015776933893,1.2615415282186786,total,total,54.01917563607528,43.360702097038285,29.654094363700537
0.3321375574057179,0.3285933788327561,True,562.,7.766887858910548,4.207453532303149,1.2777538254622904,total,total,53.83690654745342,43.14618987652454,30.087499757684114
0.5792650851308494,0.750346362251341,True,563.,7.4024935926410125,4.182442831279629,1.2575780987216671,total,total,54.22760430653848,43.30549181556471,29.593827718852165
0.32401136288792876,0.2855536210232236,True,564.,8.228118793862237,4.171643017035686,1.2785418127458283,total,total,53.11284697318541,43.18756740357036,29.70451467878056
0.35998999312925395,0.3832057832989568,True,565.,8.464486267888368,4.186324204135617,1.255088548292124,total,total,54.1610296503081,43.50510559893178,29.608972742283246
0.5077927173660616,0.5030064214509998,True,566.,8.985181838640202,4.194585338101489,1.272145513042543,total,total,54.52813779730811,43.500693439684945,29.88514619884995
0.39619316256261417,0.512734890011141,True,567.,8.24732397572958,4.1725493152613815,1.2747684482818034,total,total,54.83841715508479,43.42674557652087,29.673270817013126
0.37052350825964925,0.724522592047777,True,568.,8.721631584353648,4.194391329636545,1.268131582228631,total,total,54.35926866316838,43.45942252064129,29.839156562652004
0.6570070639100063,0.5707260223515114,True,569.,7.619101043178428,4.160524211439861,1.2886409698961694,total,total,54.00287171644926,43.14136287071276,29.693401173484933
0.27657246142429537,0.6899997621760968,True,570.,8.861072670779585,4.2020267067699875,1.2607175373842388,total,total,53.75832384990569,43.44105236796042,29.841574677040132
0.31801915032620276,0.41200294238584073,True,571.,8.996419790440838,4.184705534219301,1.257418241242296,total,total,54.60067170286835,43.628222452663664,29.616711187444384
0.2412337705294126,0.4102424692271356,True,572.,7.063640201626222,4.191709256297537,1.2807798001751332,total,total,53.646794055776404,42.97466217575974,29.94813647321314
0.5843258948034467,0.5946613507198408,True,573.,7.945920673113303,4.163008366313729,1.2563666116488141,total,total,54.583760730381464,43.49733397817048,29.369625151766517
0.5949267182717342,0.7199189602544113,True,574.,7.927526833964688,4.1884188807394045,1.2774214538016422,total,total,54.34929327198187,43.27589607524033,29.87541056269578
0.29914969595482926,0.7860285580342267,True,575.,8.21676035627309,4.208197436707213,1.2633758872240546,total,total,53.12780103185656,43.23393490235969,29.938114639156254
0.43246979483601644,0.49191522899559376,True,576.,8.780779361462157,4.179249829102243,1.2678009272779949,total,total,53.204985507110266,43.354599582760564,29.670361942582527
0.5952440773510362,0.42619111823842,True,577.,8.635629771689995,4.185716288941919,1.2877200542717533,total,total,53.982324312075036,43.284369538264535,29.958505403212254
0.6759895956890701,0.3598863817232203,True,578.,8.13697066766473,4.194732399258734,1.2888043217487155,total,total,54.89339404134958,43.29411445119067,30.06917497063713
0.5250751545275223,0.44147103733922044,True,579.,8.103944208147462,4.193446055521832,1.26556773719003,total,total,53.608765614141305,43.29861656116463,29.800831589018348
0.5044977525077797,0.5185580879215623,True,580.,8.058619929225436,4.17952067731552,1.27647817322672,total,total,53.9303237920113,43.268760225893985,29.767923457118247
0.3061129918117111,0.5285723896086904,True,581.,8.45744241882928,4.169761868557777,1.2524048989868022,total,total,54.449269745965125,43.58104164552617,29.399892455064837
0.479013933076035,0.8530494701549078,True,582.,8.911133067799526,4.20251124507835,1.266788925795896,total,total,54.45781162758589,43.50131095525297,29.913244359125056
0.5958834355795484,0.7786774450295235,True,583.,8.37335107125822,4.188072360044691,1.2656461482656711,total,total,54.472463545902386,43.4559138359312,29.743045567887002
0.3008329612756751,0.4381663083872263,True,584.,8.741922685703841,4.197424717783671,1.282756531290516,total,total,53.329906441862484,43.2173237017748,30.032386522704318
0.5173440956617267,0.39848288465895226,True,585.,8.539863056687892,4.197395500729243,1.2618431793490443,total,total,54.41526573278799,43.48949077387215,29.803286966062927
0.4423892100899074,0.7649201211231792,True,586.,7.22202136533064,4.161112472659699,1.2777760976823636,total,total,54.50474429689627,43.16846508126252,29.58150888059753
0.24453876029628902,0.674989117792357,True,587.,8.073696159412258,4.207063790992586,1.250881449937536,total,total,53.77465844539674,43.378879822884635,29.789166252991762
0.38206708132687484,0.634802684338891,True,588.,7.686021425483021,4.169289777599991,1.2603063218385975,total,total,53.342555092632296,43.2548914634511,29.48051380303873
0.2835851487320776,0.6215932208313332,True,589.,7.057409104899795,4.1993827050932175,1.2516373791312556,total,total,53.057482069466026,43.108433133145866,29.713619958618583
0.27313191075810916,0.35788651977018365,True,590.,7.376909942599461,4.160559838484353,1.283749870803806,total,total,53.812108616062275,43.08344807478159,29.640508210649323
0.2499082616157726,0.589857144639226,True,591.,8.429872993610095,4.205127513935535,1.2516278872368918,total,total,53.43918232261583,43.396392191913876,29.776179508224455
0.5603971033833585,0.3714099927480232,True,592.,7.237881809842815,4.193966417287474,1.2509069903456274,total,total,54.239736505482455,43.3063565237,29.646646425150106
0.37995008909358047,0.3327571931595138,True,593.,8.12332135591274,4.196855480369737,1.2649641107661433,total,total,53.80781286303576,43.317661837072336,29.83147324611571
0.48691178334451435,0.28873016433402826,True,594.,8.905915102890205,4.188103875042507,1.2734688460449999,total,total,53.456185572391185,43.353132083226384,29.82877658772719
0.5745703008900915,0.5516236935525758,True,595.,7.375828673170581,4.181595190381461,1.2856637182423432,total,total,53.01730570575401,42.96994978331244,29.89091997392636
0.5945720124920814,0.7425312497646434,True,596.,8.691874516284386,4.166175793286056,1.2646445634692733,total,total,53.95890743690738,43.48970089067969,29.493809747348088
0.45119435705940536,0.698675254382104,True,597.,8.908759152306239,4.1989526170788904,1.2596005502850354,total,total,53.73843396043439,43.467986177790955,29.795802680938746
0.2653905817140674,0.4219395938708572,True,598.,7.7831122506511266,4.1735909303428675,1.2652555667021523,total,total,53.020241967558405,43.188843779717274,29.581051218418885
0.4695284716691041,0.3597656825962334,True,599.,7.458837458625032,4.186204585081311,1.2574154224908185,total,total,54.708364113958616,43.36259823592369,29.632998786839593
0.49310111122437245,0.5545146146640695,True,600.,8.906198218063809,4.164148847156849,1.253052246390332,total,total,54.30354182925773,43.65252791292639,29.346067687928773
0.592839787764731,0.5972496198803176,True,601.,7.775077155766306,4.179990631938078,1.2546389182931603,total,total,53.538097103098124,43.3331045235791,29.535198348246595
0.4082597935058583,0.41508978002216423,True,602.,8.31016187257252,4.196854192190068,1.2877251573367519,total,total,53.072879558392174,43.09136195701524,30.080610641256037
0.600856624803252,0.5786567826530109,True,603.,7.119220453305983,4.18882898329342,1.2589662744501537,total,total,53.13341186416451,43.11431303040431,29.678473170293366
0.3189987991065298,0.3176395080928009,True,604.,8.222962160320131,4.20034665542389,1.2786300076372692,total,total,54.796308795476435,43.34381896768289,30.019185274368795
0.5591301087769488,0.5608544048252863,True,605.,7.899584425882386,4.206177552665953,1.2811007020935785,total,total,53.10231431417183,43.07153274527067,30.11022264515681
0.2574369939430758,0.5358311906270783,True,606.,8.31310504891633,4.205185551691489,1.2548246903060816,total,total,54.15058279941267,43.4419906110662,29.811711842718374
0.45966667099457315,0.6194626061075561,True,607.,7.682657906393097,4.190319632656032,1.2672638510395111,total,total,54.68448525772874,43.32802129034372,29.785217481506386
0.5954429089743158,0.32957163337409534,True,608.,8.693201566004578,4.169030102655653,1.282725425781004,total,total,53.71549435183251,43.32486914740508,29.721638341839647
0.43043330228202586,0.5955330606853106,True,609.,8.439538803529814,4.198507810130983,1.2891972187583092,total,total,53.340823400524876,43.130722077189304,30.114906484096824
0.6994498061814155,0.3637934524281367,True,610.,8.001545621167383,4.1753543292045485,1.2831705039311956,total,total,53.54947912274864,43.18432662692314,29.795493353959603
0.5854141776002365,0.28448922023422035,True,611.,7.453403263148855,4.174506690260563,1.2680793896086788,total,total,53.716559223985065,43.20455186313374,29.621743236786447
0.42916832259846593,0.6797976964133808,True,612.,8.169809822485282,4.205312460934473,1.2614414310069788,total,total,54.66892939935021,43.43772465095562,29.88539811505701
0.3885431305601925,0.7126469792057158,True,613.,8.580624383553667,4.171899606895958,1.2873080528578078,total,total,54.30694884084211,43.32776507016588,29.802948272314186
0.3420131878213944,0.7882150814289048,True,614.,8.943594076964601,4.196788265554866,1.2713952995090314,total,total,53.56520996637394,43.36034763504536,29.901031501234918
0.4868703879779789,0.7357347666334247,True,615.,7.782657299094582,4.163277736868844,1.264251764935007,total,total,53.45921198725471,43.27238174104235,29.458076492951157
0.24359141535010267,0.7358416382842573,True,616.,8.955709657608889,4.185391670523794,1.2781478606599015,total,total,53.43765105621661,43.31001107125669,29.85026420880695
0.509412622232925,0.7195358788941245,True,617.,8.307675113018274,4.196914685686802,1.2824574285789072,total,total,53.584861067971794,43.19621335933669,30.02351876659267
0.6532700408159045,0.5667573972508626,True,618.,8.70424260781954,4.182146668156445,1.2791080580973022,total,total,53.571586953674995,43.31357837824826,29.82530318502889
0.412585007334135,0.481747520035044,True,619.,8.345443542175444,4.191659993182599,1.2868754506779279,total,total,53.416535572211,43.15411471874721,30.01435060963606
0.4880601962930821,0.648251326922701,True,620.,7.796423672773207,4.192787225226175,1.2791713568772045,total,total,54.05502587883724,43.19300006907551,29.942330724254827
0.2446797641645777,0.7862136827715086,True,621.,8.471728923622374,4.183807616361864,1.271311159292532,total,total,54.10284443917623,43.37396257225283,29.75832085649711
0.37454189202064186,0.606732870248326,True,622.,8.233388170535374,4.19581199354362,1.2662592205458139,total,total,54.22410023115868,43.37487944017628,29.834221947784425
0.24711453382413032,0.6021451767083429,True,623.,8.40379860205579,4.185645267854622,1.267106575127209,total,total,54.727558808670466,43.46765912793565,29.732502661141755
0.48926952498010984,0.48638339841221484,True,624.,7.806730043065798,4.183541978080035,1.2847421394664043,total,total,54.042974848075126,43.16879414313945,29.902131190210635
0.6591296848359404,0.28105006787942804,True,625.,7.8595438956903205,4.198056741482947,1.2654923068194632,total,total,54.71457442385723,43.384870263845684,29.850368203206177
0.3510852625814605,0.5104924300488427,True,626.,7.246761156894522,4.166477788250814,1.2883579963753797,total,total,53.31818542209136,42.963368117126834,29.75523343723847
0.3035517801330028,0.5079891019039036,True,627.,7.421335786741703,4.183467945406528,1.2695313594243218,total,total,53.10773130902337,43.086015392412314,29.73520141848574
0.34650254814749565,0.5563760184843118,True,628.,8.271058994154604,4.19502522371703,1.255170861786801,total,total,54.40613412663118,43.48353385595062,29.70463737044128
0.5376759780787531,0.6318219870517174,True,629.,8.238681792210704,4.195616044274997,1.279883748498137,total,total,54.169707879283,43.27956383305233,29.98109798065864
0.5716525992785025,0.29982334769335006,True,630.,8.193836354817917,4.204953830661735,1.2745170832887196,total,total,53.14667953377725,43.178257469996176,30.024601496829025
0.5525314721281528,0.8191684919092849,True,631.,7.9957256336499976,4.195536455373305,1.2629175749459387,total,total,53.920914955887895,43.32943061874622,29.794720401108396
0.33998415576681573,0.3170516586114531,True,632.,8.146456519977919,4.194675882067228,1.2541135250463493,total,total,54.81849307593445,43.5191358354865,29.68930600307314
0.4355469665066313,0.34342914112488804,True,633.,8.80544690568556,4.186082089807527,1.2875468965821155,total,total,54.1338293394889,43.322282712083975,29.960614280644897
0.24829753982459996,0.34338267637700104,True,634.,7.465983534744155,4.194108922231711,1.285099216446487,total,total,54.79114870573479,43.15109462139684,30.02172182695741
0.6145294150050082,0.7668855043110923,True,635.,7.009276136855565,4.185018478873488,1.285068856339373,total,total,53.41448778216455,42.93650895471201,29.921855454856143
0.5091729792239764,0.6893637735745738,True,636.,8.04839681509576,4.201684364843166,1.2555489899828975,total,total,54.20882726034539,43.41510777179995,29.78139588902613
0.45973496855088924,0.5653132354629234,True,637.,7.292269057829227,4.182514853829466,1.2507436897337283,total,total,54.433302205177924,43.34531759784873,29.52029840120245
0.5605377546202157,0.5700875102770284,True,638.,8.516754713038331,4.192783797889113,1.25242981097515,total,total,53.28870294571656,43.42310392521177,29.650351246160568
0.2929605378938638,0.634171085547883,True,639.,7.777427021301942,4.195355765285449,1.2669265191292713,total,total,53.153303041365554,43.158050565368704,29.836527754630904
0.6692901898889799,0.3341723147789668,True,640.,7.615590224772475,4.185501168810367,1.2722470574096982,total,total,54.84143660118916,43.31878653156535,29.78701570080827
0.41194658391912803,0.29338185907613945,True,641.,8.94800325884259,4.176164672616043,1.280997940122868,total,total,54.91305878309968,43.50745431232457,29.780623781875374
0.3426379950247706,0.4150370333184998,True,642.,7.157976202268674,4.20979595149824,1.250739172883732,total,total,54.05907959156993,43.23490758118562,29.817443844609233
0.44522264791746624,0.606802375120438,True,643.,7.648542668754828,4.187829925148084,1.275239145707443,total,total,54.77588038178365,43.2765188761329,29.845123672938268
0.6452918500564759,0.4867536036188154,True,644.,7.961770756063338,4.175143373194199,1.2573072047735954,total,total,53.42374358822456,43.346750866465435,29.511519282062626
0.3072905470354085,0.7997639782889011,True,645.,7.501285898345558,4.197721522292571,1.2609266930717138,total,total,53.157038445870604,43.14540780356843,29.796840339099692
0.5816535547376406,0.6591157884711034,True,646.,7.154122171968307,4.164217876415029,1.2545535762763582,total,total,53.05910452652074,43.17537829049669,29.363084056503133
0.6210493996250898,0.8369398972816362,True,647.,8.108478121909402,4.191488323353694,1.250451055721027,total,total,53.52604453312186,43.40296552736046,29.614704205524156
0.5235350983872032,0.5618726395135051,True,648.,7.257938426879372,4.1631732384233135,1.2647648207177746,total,total,53.23301688556684,43.142137296654255,29.46251157387232
0.3911666495330489,0.7834508023403917,True,649.,7.438300472872908,4.188746759991265,1.2609560013844698,total,total,54.296212623540015,43.27518447944959,29.699260187346304
0.4728736490445909,0.5716559612091631,True,650.,7.625730018299852,4.17270851227692,1.2568550386202075,total,total,54.968574502048284,43.44701667353129,29.48016035323062
0.44699887560004836,0.8305143922739505,True,651.,8.6191904942692,4.168556015558621,1.2831051332850612,total,total,54.62804275026069,43.412223108317114,29.720609281811615
0.6776251198911091,0.3996702027790568,True,652.,8.268655590107777,4.202922496799981,1.2843427985981484,total,total,54.92022933105914,43.34020743463565,30.110080422080713
0.6594203378789694,0.4055099638143086,True,653.,8.977132828286651,4.191886498925872,1.282501589258545,total,total,54.4152723833528,43.42220139960312,29.96892494005544
0.27410624946206286,0.42713628766672534,True,654.,8.180912617006342,4.17898570879926,1.2695191247767619,total,total,54.38956544473584,43.38423352448386,29.68620492150128
0.6553100381310962,0.6624822144392183,True,655.,8.275433866564931,4.197084824625146,1.2707336952177035,total,total,54.657921486340825,43.41417820073394,29.897039365936454
0.4519728143665977,0.31553351828831067,True,656.,7.12955174503607,4.200296635029807,1.2541127995215806,total,total,53.33491102291105,43.151239679755406,29.75058227972319
0.4969385184663495,0.8134823339299897,True,657.,8.242741077878792,4.1958177838254676,1.260371057775453,total,total,54.241327417434995,43.42568405537986,29.769996675210397
0.4388196160889119,0.6084167115980367,True,658.,8.306568956745023,4.161243915224462,1.2862045510605489,total,total,53.56450655010628,43.21946404736071,29.67469479283092
0.42366458823062114,0.6894490178008578,True,659.,8.659020199303624,4.170014612142208,1.2600037650268754,total,total,54.02983645518344,43.512349803112976,29.48509957639397
0.4915510979794944,0.4505664157748423,True,660.,8.334818791210242,4.199543606525639,1.2527476562804736,total,total,54.10488138896859,43.47850900733345,29.727480014471876
0.590115365073454,0.5881588253468164,True,661.,7.212432649967114,4.187233351459372,1.2796995077075912,total,total,53.59991519556091,43.03682831885262,29.887354886639468
0.25033011012923906,0.6344809363083745,True,662.,8.593601338949503,4.208869300713181,1.253429143672619,total,total,53.99800064575583,43.471872405342765,29.836704295539537
0.6760592007697033,0.6311898917446955,True,663.,8.42136245733699,4.2037803149367585,1.2608032940258218,total,total,54.889652498860286,43.529342001915545,29.861674019342498
0.37696790012409426,0.5530874396113181,True,664.,8.572211030760126,4.1805503232533585,1.2738146850083898,total,total,54.65767752498874,43.45546594018732,29.750097643350177
0.31884490325537906,0.8112970888757679,True,665.,8.355435131372541,4.176828243554148,1.2847615461812258,total,total,53.193069713022055,43.157450804402735,29.828963031341686
0.6851506665778465,0.5101381181397554,True,666.,7.337689959594803,4.203371262639324,1.2625154183048717,total,total,54.91938188061283,43.30937466928579,29.875917208923163
0.25008969723728686,0.7741801813888036,True,667.,8.154107847593124,4.209219179172089,1.2635609334589888,total,total,53.54547223270849,43.26932218136106,29.951322161210236
0.7002324666032601,0.6780799823875636,True,668.,8.623456442679604,4.1688234210516075,1.2675225613053425,total,total,54.529810689104025,43.530085382027835,29.553857639888548
0.6926767915886599,0.8057679571857322,True,669.,8.64361066675513,4.1748382189461966,1.283989939445742,total,total,53.84983420008739,43.3155795824176,29.79880486285272
0.43182247997116474,0.4182296312291696,True,670.,7.660417423078819,4.20867666005269,1.2791213923890783,total,total,53.20827541123886,43.047551496042026,30.11592746438367
0.4466978686507437,0.727289945305594,True,671.,8.499040376459387,4.182381817023892,1.28644517826066,total,total,54.01915398742525,43.27100441526879,29.908068704353056
0.43727152654440865,0.5824656096363467,True,672.,7.9496912663983235,4.172441035288685,1.2717505650710574,total,total,54.889062210447065,43.39831638207842,29.639222181427574
0.671531833656391,0.6698748290910759,True,673.,8.13218688506416,4.160325689898285,1.288169705075068,total,total,54.135555947177856,43.25811545413929,29.686102069045834
0.658973818258667,0.6975660540473196,True,674.,7.065276284205174,4.20954692813288,1.2696600620659866,total,total,53.84514203878763,43.07664792331408,30.02170924144412
0.6481415507249243,0.3918996227283482,True,675.,7.33890158354825,4.182351721473447,1.2529207122293704,total,total,53.70889437479203,43.28011877594534,29.542186428569746
0.4649592721164398,0.7744105049584853,True,676.,8.085146081376264,4.173833330858015,1.2687374290125384,total,total,53.189303061712295,43.24429796909346,29.62157647619793
0.6944504846001364,0.7523607704189895,True,677.,8.80628048911558,4.163682798940301,1.2633286109635984,total,total,53.70056349705686,43.49381029525458,29.45245284322711
0.578566835270413,0.8504197148844829,True,678.,7.366409893994205,4.178915539346074,1.2616253650888931,total,total,53.55948839416292,43.20094268690314,29.599485332830053
0.38848759708663766,0.6687708424352923,True,679.,7.837799949506223,4.205682592996877,1.2541096827556102,total,total,54.408826551261726,43.39552728514218,29.80933169436652
0.3164953721821383,0.343402786845793,True,680.,7.29749184944122,4.183060472067725,1.2585871015392904,total,total,54.36205806159617,43.27687787462319,29.61152831534311
0.4595615238280233,0.709631869148446,True,681.,8.285033083493728,4.162579961234908,1.2723754909770366,total,total,54.514991699977486,43.43040372680413,29.538740767528346
0.32742842818871093,0.36667085567486357,True,682.,8.964069635206556,4.1668274872658255,1.2813856272021507,total,total,53.268021293648786,43.304585751810784,29.683026140660846
0.35054048950677963,0.35118572389886804,True,683.,8.551899499494374,4.1929995105979545,1.2603754645708234,total,total,54.52100940774512,43.51372038150368,29.73929861979707
0.3812158288927375,0.6616732684364752,True,684.,8.681788385241042,4.205649590690053,1.2680520578797323,total,total,53.67931981785007,43.3506005249714,29.961409737555577
0.45072781179317417,0.2982712252393441,True,685.,8.73742216954626,4.196196077856138,1.2571678117403073,total,total,53.731016719488444,43.46891326473951,29.739177712354476
0.35994216841037663,0.7783487742366167,True,686.,7.189020522516149,4.202762729993722,1.277925827881828,total,total,54.12787707656019,43.061525105074395,30.037947068427975
0.6235651943569387,0.585157305929251,True,687.,8.117413665204221,4.199576716349628,1.2818497734427419,total,total,54.59244470382337,43.293258729918236,30.046036362997505
0.4923505628169619,0.3778519857600611,True,688.,8.190657923528232,4.161044746767425,1.2684832194065898,total,total,53.104852724794064,43.28018188783388,29.479773935465733
0.27559296503666486,0.8003260857815471,True,689.,7.728586163785236,4.171087138343877,1.2531747990883395,total,total,53.12151508549116,43.27760506727933,29.422617565875907
0.47862248600234497,0.8319212034335104,True,690.,8.92804404958312,4.195223806364874,1.2774111332622164,total,total,54.335033420103066,43.4229171377325,29.949733182427206
0.4267927253091049,0.8395194128467723,True,691.,7.278086984293443,4.191659216139252,1.2588366611294688,total,total,54.90387056759578,43.31375859968007,29.707905308123323
0.41692696900481135,0.8081154522255163,True,692.,8.820316898276664,4.166593975528586,1.2759452222534635,total,total,53.954189115890195,43.41474720729171,29.621232919394075
0.6879516857343435,0.858144022836089,True,693.,8.260341707143805,4.20604127550659,1.2841068025354014,total,total,53.64816468278854,43.17886817473916,30.14172591882817
0.6449151401496318,0.625496680553548,True,694.,7.425546721157739,4.184117111011695,1.2515966583807752,total,total,54.42541411110948,43.37744769411291,29.54698418276289
0.5618921353411478,0.6779312509173427,True,695.,7.386479053469511,4.209979183037711,1.2832562118815982,total,total,53.57459183014944,43.01099456656305,30.1756351039943
0.4765372902260746,0.7120704866865588,True,696.,7.161412612335132,4.202398991600995,1.2615615823395268,total,total,53.95345447293061,43.16263050312633,29.854865153576437
0.5838130449359105,0.33495853651151025,True,697.,7.949219332993469,4.170045100933411,1.2658175633760549,total,total,53.56867252041369,43.305673482820964,29.548602905233608
0.4872779827270435,0.3528801181781174,True,698.,7.940864253575377,4.179002548370312,1.2830977038556015,total,total,53.45894417514925,43.14532674271079,29.834539165366397
0.5245339056443121,0.6420787921152238,True,699.,8.370472638506522,4.188664265325727,1.2538506591836516,total,total,54.88341306537884,43.58581866714577,29.620968703507327
0.6938116309628904,0.5386258230062547,True,700.,8.342658554304439,4.201598940106588,1.2824352318716816,total,total,54.974756577351286,43.37471006598144,30.074630799425382
0.395442174752548,0.6330386768003806,True,701.,7.121601417926471,4.202907805042863,1.2787677325783828,total,total,54.73958575414736,43.10661642865787,30.04876669975518
0.30563893150314614,0.8528532168978108,True,702.,7.246969274422479,4.172844075244838,1.265076910316507,total,total,53.68206566865683,43.153609341750794,29.570984645208476
0.5037861015100015,0.4914960771567164,True,703.,7.549030581757815,4.203734178640293,1.2721322494750427,total,total,54.83451160292823,43.266890342864514,29.9851131385606
0.3879785054033454,0.4931887437509089,True,704.,7.485052187121395,4.183855485173206,1.253749221630786,total,total,53.51088074477777,43.26247304378135,29.567544947456923
0.5949894738087393,0.3918448917132719,True,705.,7.27249485042278,4.161874511847576,1.28105515566326,total,total,54.443754307257876,43.165173099977615,29.625483365469613
0.391971595132976,0.5372561561948196,True,706.,7.273425391117764,4.171018176672434,1.2818321376366275,total,total,53.047875708573144,42.98278375095264,29.733576550260437
0.6830426386011974,0.5030070217686982,True,707.,7.537829566288031,4.186433578078817,1.2588835184872507,total,total,54.27010542739692,43.334256236223034,29.651478282154706
0.6100996363648071,0.36018558523771516,True,708.,8.04651425010686,4.198048279435988,1.2745574322500093,total,total,54.45253259340006,43.32135586083207,29.9494132755782
0.6255368122010537,0.8369747756414909,True,709.,7.264968375992099,4.1947656541730725,1.2505428041943012,total,total,54.885776754410706,43.37607167021082,29.651384206767258
0.5611237264161943,0.5830850958985028,True,710.,7.637664314845449,4.1643207851936115,1.2560580343377,total,total,53.65627132816065,43.33081546180972,29.380506547223654
0.5604984344970393,0.5871873726455633,True,711.,7.90420644573916,4.1964786060026364,1.2775187473963676,total,total,53.699932254382446,43.18351051295872,29.9646470250193
0.48503591021758147,0.8413008344790384,True,712.,7.404806498602182,4.189518658979215,1.2541066937783507,total,total,53.385553205584095,43.22302521172397,29.63305698118493
0.4262038676656972,0.8090565268639774,True,713.,7.791559388542574,4.176558521600548,1.2616754947028925,total,total,53.646267684863986,43.289809919326466,29.574389216079844
0.6765949188358027,0.3409547963394132,True,714.,7.7345697688933495,4.1614004426883975,1.2713742098682514,total,total,54.16495737792045,43.31105571292629,29.51504042546202
0.6145005951694886,0.43205872019731684,True,715.,7.427898290442595,4.184373887181698,1.2734523690328552,total,total,54.034683795289716,43.181306765184935,29.787867443024957
0.4301396448413112,0.3742060575733085,True,716.,8.59682049556331,4.2081748921564595,1.265677016126502,total,total,53.29026806422329,43.307557074301414,29.96305471381302
0.3235960404371996,0.7156030303832509,True,717.,8.17934484211681,4.203861119856965,1.2772452010924036,total,total,54.45311866668452,43.296073415097055,30.042526501551126
0.4252114047539716,0.8577513067144453,True,718.,8.759839690610121,4.20925621900388,1.2666916396797783,total,total,54.19568102979165,43.43186140854306,29.98600495102214
0.36764974558103247,0.5450772867626787,True,719.,7.8009314996511865,4.1650141536938445,1.258164470220327,total,total,53.696428243381355,43.33999793419284,29.41086638687961
0.23909796137006561,0.3856197887042992,True,720.,8.638335960817777,4.166935479817469,1.2541235382286775,total,total,53.77542869211478,43.518991093671325,29.387880877139448
0.27992321090612193,0.6763404411761773,True,721.,7.367204820139227,4.206041958331754,1.26070050512756,total,total,54.486662124373574,43.252145410848215,29.885273161789215
0.5861497810127227,0.35771237152153174,True,722.,7.297376020604354,4.2077899808273465,1.251165451650354,total,total,54.45526159080465,43.32320017303954,29.800194413777795
0.5922683938057107,0.8149681046749804,True,723.,7.593797336951564,4.168196308005975,1.2570201007708008,total,total,53.55079394129014,43.296343414972135,29.432973082060787
0.5641775092284509,0.7718883184528198,True,724.,7.233905829057883,4.162235566585734,1.2703108954211793,total,total,53.9329004815839,43.172273119686,29.512561061863828
0.6887198220802315,0.8121717762233798,True,725.,7.587806994471329,4.205046981234157,1.2591481632068984,total,total,53.607544406541685,43.239533800615845,29.85742857653321
0.40465674519625644,0.32963556904746705,True,726.,7.826371539184194,4.194476606805882,1.2879702594596412,total,total,54.55198201790124,43.1879006335105,30.057223641424653
0.5687694971031456,0.543457751372292,True,727.,7.811741961254908,4.202074433769106,1.2687812016301807,total,total,54.66958859361694,43.33227133172372,29.930261383380127
0.43691666542425234,0.5230140705719158,True,728.,8.754486517749768,4.1824342231505485,1.2681228116876944,total,total,54.80046013784951,43.54520116955551,29.70857199002465
0.34244019472320353,0.5571625936285958,True,729.,7.3528401695297045,4.169799889637695,1.2853688722908212,total,total,53.33682881523621,43.00367104357767,29.7588662211207
0.5070256419549714,0.36948217952298557,True,730.,7.324129874223745,4.173774757583665,1.2683431279388697,total,total,54.94574476046442,43.297631262132384,29.616647079924267
0.38865028099852084,0.7935812713576152,True,731.,7.544290946002254,4.177123707341738,1.269659575223157,total,total,53.70262338051411,43.18673757305203,29.66744812722841
0.6637639088419461,0.45373180677884906,True,732.,8.250396006950414,4.163411135194916,1.2676237094772185,total,total,54.97509271823058,43.52517398436036,29.496139484042875
0.41012215887162845,0.451629879627441,True,733.,7.237546017004948,4.189938873085831,1.25687638950825,total,total,54.61949108598806,43.296647233686976,29.667796504827823
0.25169748829369776,0.7598831543295284,True,734.,7.0999632469647285,4.178274486288878,1.2705659006444932,total,total,53.28869019345767,43.03044624461667,29.68986156227621
0.24482219713476103,0.6914376577403673,True,735.,8.438252107972483,4.176907682214822,1.2637316873607036,total,total,54.693771266893926,43.50741212253771,29.600556749775173
0.5953511678402535,0.4625009346106014,True,736.,8.926225995855653,4.188805087778702,1.2807667193569654,total,total,53.24004232534147,43.275809044595434,29.916215753413326
0.34191470717334044,0.6392929180687895,True,737.,8.453787543317675,4.170109286362364,1.2808646350251043,total,total,54.33046087984344,43.35804245671886,29.71311669164628
0.5844538906132045,0.773498676380946,True,738.,8.062851367370019,4.163834680106671,1.289941568571611,total,total,54.96810985391327,43.317082876477414,29.743675370647352
0.5256323892087843,0.3024473496491591,True,739.,8.670182662440792,4.1757044797299985,1.2877991812840393,total,total,54.211911673840284,43.33210747503701,29.84987225391379
0.26524115432816264,0.5031425911245808,True,740.,7.692555387506703,4.2008200374475475,1.2535166526600345,total,total,53.28091144584012,43.24625090721669,29.749788729053737
0.3165620132276516,0.5936126876589973,True,741.,7.894061219958058,4.201536476110688,1.2570673663950982,total,total,53.200802607711495,43.24855955449803,29.79635590941893
0.5018584756924729,0.46505527695501464,True,742.,7.479592603881011,4.184266214300914,1.2561773602788329,total,total,53.63395019719477,43.26468743795287,29.59842628818605
0.6744855176423401,0.615869080604395,True,743.,7.500217683442199,4.171345061197625,1.2708135372769342,total,total,54.47439877946054,43.281723312983644,29.617090210950586
0.5916803833575219,0.6780020385834973,True,744.,8.87582887202353,4.209406018152223,1.2803890437025995,total,total,53.21506509487624,43.231329399832845,30.137849821165595
0.6953301493301474,0.33205146525654367,True,745.,7.072487650315805,4.195434444727204,1.2727220099546381,total,total,53.215594225941445,43.01699034401201,29.90073501287869
0.4689605343465082,0.2876850227815228,True,746.,8.581647949340306,4.169586404036841,1.2530840017625717,total,total,54.26717599910103,43.58730006433304,29.40535432993277
0.4353764007044922,0.5588717522954786,True,747.,7.974991414410154,4.165065340578525,1.2773460216011734,total,total,54.14346661434521,43.289412177719676,29.61984143518267
0.3038005607000701,0.41968380886436235,True,748.,7.828685405101107,4.199222033188204,1.2744538715543279,total,total,53.84862047355018,43.19183316726335,29.96112791015897
0.2770742898241729,0.4977196682261596,True,749.,7.176721692574146,4.198623160109504,1.2621047660857343,total,total,54.97133917503061,43.25939717853018,29.819549483928547
0.5874510393456646,0.3788402000593864,True,750.,7.997068664214842,4.18772994242724,1.2658910276409276,total,total,53.619312483787894,43.292315864765385,29.741981685167264
0.7105625155125393,0.8562555658457108,True,751.,8.13850397710566,4.19489506112805,1.2755023537971673,total,total,54.00763598893416,43.28339789672428,29.925247877220496
0.4964865086824295,0.3694290377913785,True,752.,7.1796533277358545,4.2064327203729865,1.2813622307287973,total,total,54.608620230062,43.09492438429026,30.115893425338232
0.5835273391759869,0.5229837938642877,True,753.,7.537385058585487,4.19061688093085,1.2756456349221983,total,total,53.039228981019015,43.06445449247378,29.8800258922201
0.6137515988217123,0.3131628384061272,True,754.,8.089360863774463,4.205101464794299,1.2511525109517507,total,total,54.25383063494311,43.4648684585495,29.770707447844572
0.44946817907745823,0.5490537013629587,True,755.,8.36717136070517,4.172734810228487,1.2845552920561234,total,total,54.48559559297288,43.337480518870244,29.782015260493576
0.5801727652883809,0.7378853246182363,True,756.,8.50532516037803,4.179706679427358,1.2890717470820208,total,total,53.18937170417068,43.15906633795745,29.9075374782544
0.43295715988757855,0.7881627186485517,True,757.,8.003761009061822,4.175274216253627,1.2679393106247523,total,total,54.40258008813869,43.37450064151639,29.628573499191763
0.3470622291228833,0.5894039397362526,True,758.,8.105826364755922,4.1670121285701835,1.2806365009469542,total,total,53.723812980214745,43.231294555077085,29.676875590679952
0.4434264846756729,0.7093278342615047,True,759.,7.83072196441174,4.180354403973449,1.2868236122929149,total,total,53.316326413032584,43.07232191757731,29.890035461546216
0.4544496294700032,0.3724177810770683,True,760.,7.071830130224927,4.162449971671141,1.2616087064109045,total,total,53.149336003600624,43.114254806171814,29.420412543277152
0.630536668615189,0.6160814517274743,True,761.,7.134021980915424,4.206086022395713,1.2692660202162123,total,total,54.65664999016222,43.18038780058579,29.979479990534585
0.6603276723706055,0.5181576358729932,True,762.,8.96136665179467,4.182552064780485,1.27411743274863,total,total,54.15394835388353,43.4633194178223,29.775242005264648
0.4241342887918983,0.4380118277559801,True,763.,7.8901488981211765,4.184035775617316,1.2892547818499434,total,total,53.43702675803907,43.0763121582378,29.956909526460265
0.3210975886583731,0.8479165193732906,True,764.,7.531704783869494,4.1719278484492985,1.2894653856911544,total,total,54.8463571549491,43.16799297168977,29.826816057915117
0.2958065886380144,0.548236735104323,True,765.,8.004227528212395,4.165939495544604,1.278574456017134,total,total,53.46467261350215,43.19626074731288,29.642732168750417
0.30258347897343973,0.8318078086052875,True,766.,8.630270295922472,4.171926010356086,1.2667526298269762,total,total,53.06647481875795,43.323805710561174,29.579225351183474
0.3102008258707649,0.6423046839328453,True,767.,7.740416040829026,4.162507544939898,1.2582323696093354,total,total,53.15486065552812,43.264186914896044,29.384421221187235
0.41102869896333954,0.5208272837290415,True,768.,8.044297174451046,4.2076805028684054,1.2605651079177185,total,total,53.72760312937042,43.309149991445906,29.901710059881704
0.5655392192477929,0.7669512678406167,True,769.,7.375569511691637,4.206199894741676,1.253820996715085,total,total,53.328077787566876,43.1962109313604,29.81182813514428
0.669759435553658,0.7205896699170683,True,770.,7.590932328227144,4.162199036239879,1.2522697909715048,total,total,53.3320682927388,43.320523474126745,29.316472680843813
0.36475988423221295,0.3431840336037206,True,771.,7.318905930655757,4.197703829893569,1.271414494422141,total,total,54.93476761855323,43.23294055256821,29.911255245365883
0.3878036548482005,0.7272302928934801,True,772.,7.913241906687027,4.168867208871566,1.2692269775505067,total,total,54.0912361229876,43.31990145759523,29.572868380397548
0.4736435999489494,0.642965513229377,True,773.,7.976173850886143,4.17632692215899,1.2701926095406015,total,total,54.95184109559205,43.417341834489896,29.664575009185135
0.31249761220230604,0.5535168228527308,True,774.,8.749314057348927,4.19547316073401,1.2793366242403845,total,total,53.37809214012189,43.25269340826542,29.973542181651375
0.6119101906276663,0.7564857352374262,True,775.,7.591921669722402,4.1707988353767895,1.2608569035933843,total,total,54.74188857511978,43.39602232196268,29.502884066687628
0.24289248842666206,0.6834710664723674,True,776.,7.065574130133602,4.201250245548546,1.2579489512797193,total,total,54.99312881486325,43.25469476200622,29.80285587065038
0.28341463199336564,0.4318229068471731,True,777.,7.9891556254672125,4.164653596991161,1.2852614820011998,total,total,54.549292509261356,43.27445088796732,29.70157436822831
0.3069967026940405,0.7932541170577888,True,778.,8.924881097976744,4.176074934551838,1.2650623639143839,total,total,54.63542696573726,43.576000769675154,29.605975100760293
0.35282078025879193,0.6932049462257314,True,779.,7.559027872982998,4.207870259706575,1.2861389986805574,total,total,53.42108342603288,42.995134672673,30.184137731243528
0.6380573925556741,0.835585901021018,True,780.,8.456763461850255,4.165798548367742,1.2516097597069844,total,total,53.141786844200126,43.44747243134982,29.348312776397073
0.6972998350628407,0.6454202266579064,True,781.,7.6458697487341,4.182020869235562,1.280095674618796,total,total,54.262254745769454,43.20854023441994,29.834717138647477
0.5430054904817652,0.566324701794937,True,782.,7.253454301998571,4.1603366435340146,1.2815824242227682,total,total,54.15000675063784,43.12266705535932,29.61448314001485
0.3208934372159492,0.6431661139205989,True,783.,7.022876050283489,4.160446280396804,1.2545537720512,total,total,53.53340509200302,43.18203704250129,29.322225568011888
0.6744378725731249,0.5527831529293289,True,784.,8.151078178260597,4.207171602456077,1.2533889928134379,total,total,53.858965384156065,43.410677815972015,29.817722014610155
0.2923836454866225,0.28458519947548133,True,785.,8.714345902605363,4.194813645974216,1.2642613566098282,total,total,54.36775095810463,43.48750941788461,29.801499883837984
0.40314288725318914,0.7673158080557605,True,786.,7.414302894546196,4.208143543122451,1.2721752694379864,total,total,54.50620973758765,43.18700977013236,30.03389428730384
0.3777660065980982,0.7965828543999707,True,787.,7.837053935065148,4.20185581083254,1.289069616001256,total,total,53.04098041290244,42.987511757314564,30.150262043049903
0.5178401128924243,0.851547723515981,True,788.,7.715588435786527,4.182355420149139,1.2502877542744038,total,total,54.58790186071165,43.45759019286328,29.51361186061071
0.33399661302713446,0.46650885123943875,True,789.,7.890483229560479,4.161338334675308,1.253634994765562,total,total,53.34716488694285,43.354101033250416,29.32193615855594
0.6903095506938205,0.5670330522225122,True,790.,8.04994122322138,4.207232604845267,1.2726967988077562,total,total,53.169461982196744,43.17187927434174,30.02962626902097
0.394070237743511,0.614376061510354,True,791.,8.124521499886454,4.166787252883689,1.2672524679707233,total,total,53.208344347708305,43.27306073492193,29.528787687823506
0.5562172000481771,0.5665274244078651,True,792.,7.2692501071782925,4.175545663435194,1.279007634180934,total,total,54.16159299723377,43.12676558076331,29.752151676534975
0.455932465159625,0.39952019351862406,True,793.,8.874538894672877,4.190877748320519,1.2852637170518808,total,total,54.66195388617924,43.409071955738874,29.98812534877097
0.5901088799217425,0.296317232530034,True,794.,8.927833576473553,4.194944004522826,1.2657378406181048,total,total,54.78109649458816,43.57660974076278,29.81904621385176
0.5557901257203848,0.8162969353653853,True,795.,8.495172380867876,4.160239624993688,1.2608615718658651,total,total,53.50548873237282,43.43615602273622,29.388338186592076
0.26077395135223014,0.6078796456736015,True,796.,8.476506993477518,4.182558370780082,1.277583243054165,total,total,53.65408533558293,43.27775339037381,29.813146443124463
0.38290405138776645,0.636638998748897,True,797.,8.654599299151249,4.1804448965064935,1.261143096392536,total,total,53.91933143947603,43.47014072022768,29.610879884462893
0.34564961198311217,0.49648946473407735,True,798.,7.365517931061498,4.171620771460587,1.2585513190920448,total,total,53.08576669020709,43.170810407422884,29.48676893301674
0.5746396181500267,0.29916241235478647,True,799.,8.137013558446458,4.186696486922187,1.280892099614585,total,total,54.68986842621923,43.33526499814177,29.89452495162718
0.46522080104130786,0.4102822306266672,True,800.,7.321365348231572,4.205225600697672,1.2882772359289059,total,total,53.453146680341156,42.95236685883319,30.17857341602425
0.5207845828482018,0.49403541831555237,True,801.,8.881291031555978,4.201480988285476,1.2889340157090046,total,total,53.98763234038102,43.2814122582699,30.144656916087705
0.5336866465804421,0.7745756518799329,True,802.,8.575807348298849,4.165532389869741,1.2755695782377976,total,total,54.9623001889979,43.51089962168468,29.60559062734373
0.6504192183357794,0.4641334484638467,True,803.,8.5139484835227,4.206838442460532,1.274191331779088,total,total,53.93769149114501,43.32786343747451,30.041687386101213
0.610000252586201,0.5889565119717485,True,804.,7.988789144487216,4.188381580916946,1.266808260910821,total,total,54.26408075691302,43.35691717896898,29.75909621038086
0.43316702192272766,0.610729628032935,True,805.,7.05350554143876,4.163971442816513,1.253148194428945,total,total,54.04582242168208,43.25478020388528,29.34518516423037
0.42907415714508257,0.5742051078034184,True,806.,8.801551093118212,4.1679819339097515,1.2843535338112428,total,total,54.041699286534374,43.3613909540826,29.727962052568312
0.4277439259769647,0.701973051435165,True,807.,7.004523059685214,4.1699451442403666,1.287624253643251,total,total,54.5343177536947,43.037184670498284,29.785063732715745
0.534242168902701,0.5704826809654411,True,808.,7.5393123875755155,4.208259007331366,1.2815679436003211,total,total,54.515593258344175,43.15828244036813,30.138199951175903
0.6470907104628656,0.633331582674548,True,809.,8.38500782531886,4.19124509436529,1.2722828604386625,total,total,54.62390301717824,43.427121382470716,29.85013771292426
0.64023904136754,0.7100343412465643,True,810.,8.551893866053646,4.183716052281918,1.2513001968191377,total,total,54.48821783478625,43.60281533368378,29.539401627992504
0.4456069234558148,0.6549885439385981,True,811.,7.837595970425957,4.2083359847163395,1.2517110550373323,total,total,54.11036793085254,43.378886420082644,29.812113676322834
0.26330357880286714,0.5835582114168286,True,812.,7.631533751434445,4.167781510884029,1.2656951594011796,total,total,53.82738633385137,43.255410394980416,29.522668726533634
0.5400251119850231,0.293648828310198,True,813.,7.936958744020076,4.17027805420746,1.2509990963432396,total,total,54.39339924099206,43.503020703127504,29.390245943083105
0.2460459148831274,0.7098865030472695,True,814.,8.467655306843778,4.182386983855844,1.2763505670748452,total,total,53.1719464213431,43.2225597838633,29.797815649940773
0.6944571657586733,0.5323304365880089,True,815.,7.696193561648862,4.194255412341496,1.2863454558146101,total,total,54.65969726334849,43.20128093879375,30.036985876033462
0.6662767239023039,0.5716164724843501,True,816.,7.720110691294799,4.1662019692309755,1.253680531553185,total,total,53.83243032358022,43.38810221908647,29.37512632230636
0.6057505018329482,0.6432855385178441,True,817.,8.570400487576219,4.18584552183927,1.2585006211976975,total,total,54.795297174819176,43.58586231855887,29.640904925201504
0.23810251619799247,0.756364321561883,True,818.,8.218427635826554,4.164202760887857,1.2752530836253304,total,total,54.13530559523764,43.336494442789814,29.58767988440867
0.7000084984582725,0.5115466105129501,True,819.,7.34387725864826,4.161931576141327,1.2811323957522034,total,total,53.99255525689331,43.13851047033886,29.626945402125365
0.5480251679567376,0.433412254983791,True,820.,8.022993481706028,4.187406381248296,1.2660980516841178,total,total,54.29551579664307,43.37178156943989,29.74071060001349
0.49454283443713526,0.5824543525091481,True,821.,7.648733137673625,4.168776248513475,1.278988348310988,total,total,54.96497037447002,43.30023323095056,29.678139102414004
0.5633761785063067,0.5902705800024427,True,822.,8.497238177989775,4.180786718393264,1.2765959696430413,total,total,54.20349653952986,43.37645701623491,29.783025803678377
0.3122760140756436,0.5510172163558298,True,823.,7.275996852444896,4.194814603228667,1.2804880451880989,total,total,53.53479861371656,43.00945847059359,29.97893909175965
0.5041409484825554,0.43318808950866977,True,824.,8.634636834317964,4.174208517415778,1.2667198847288212,total,total,53.43201580819019,43.38353848961259,29.603701877263777
0.3414837814355537,0.8011107516418604,True,825.,7.569239125280665,4.169543473670641,1.262953058742187,total,total,53.848547471083016,43.264019525171236,29.51201857467741
0.6228500989391794,0.7238602529487601,True,826.,7.323391240092256,4.193512975533565,1.276422971037684,total,total,53.88033243386828,43.10561798447555,29.92019925959231
0.33740062098050144,0.3518813615974447,True,827.,8.66471154135736,4.209958611984336,1.2772525570981028,total,total,53.71384596465267,43.27876514595004,30.109486414103067
0.6359098872570387,0.7955368831637089,True,828.,8.563547725098559,4.176905127023216,1.2821255447116315,total,total,54.09519525052746,43.34121930477857,29.80101587494182
0.322917172097425,0.46639704458314685,True,829.,7.190232402124286,4.161538473694868,1.282195104029442,total,total,54.37629410577625,43.11214841745996,29.634235265243117
0.6404475595034109,0.286674538856375,True,830.,8.87645233676446,4.182339174096476,1.2529903270028455,total,total,54.70145055907468,43.67649177291209,29.5428067855206
0.45112633996242346,0.6704346030875957,True,831.,8.536768197037482,4.1911392726967,1.2630689614239006,total,total,53.609518816488055,43.384118938745345,29.74838746114895
0.264161055494244,0.5183317906847832,True,832.,7.928576676588351,4.207035402647872,1.2705428960385257,total,total,53.7383040312272,43.210198065322544,30.003864018240172
0.5074709105645833,0.7691472666964608,True,833.,8.490645452276535,4.199192943381254,1.2740075035184018,total,total,53.087864215846416,43.219360288582465,29.955923131942587
0.5887369046703688,0.789614227046817,True,834.,7.464146637616111,4.175692454301049,1.2756370375138102,total,total,53.62489013251455,43.13360556576107,29.716993228330452
0.38413574426859254,0.5140516397896733,True,835.,8.026782367229885,4.187162940671567,1.2667773159153974,total,total,54.55931173862393,43.38757147862765,29.74546432241988
0.6195135547086401,0.5052147591776821,True,836.,7.607530299244013,4.164059580735571,1.2739428697353816,total,total,53.8793879753369,43.22545184735498,29.57187065132808
0.49764112354904255,0.7787486983663966,True,837.,8.34044579042387,4.19734977998842,1.2602821711254386,total,total,53.422340751432635,43.34151105264965,29.785746513818857
0.4405891892468981,0.6296426543352474,True,838.,7.081871795718161,4.188547715992024,1.281181048579769,total,total,53.08458109730033,42.93059618730545,29.91793275798407
0.2552727148218082,0.671591001473283,True,839.,8.820181048446408,4.1698409560747205,1.2878877058434197,total,total,53.68797044363703,43.27874528348105,29.786802147122774
0.41031398384153156,0.5921484554726151,True,840.,8.374906064106684,4.1658780916572375,1.250884580075138,total,total,54.17281661093181,43.55584198176756,29.341317841873266
0.5456309700033395,0.8378363509984733,True,841.,7.202961079635859,4.197620293810397,1.28547862408355,total,total,53.37723541548776,42.949244048948756,30.064373743409778
0.579631393742282,0.8284471165818327,True,842.,8.230653537962226,4.162602941605691,1.2532985280844475,total,total,54.38291785737754,43.54903094433227,29.3319887293918
0.40274409028795854,0.6818243776983821,True,843.,8.315202394570901,4.164024673553736,1.2804422524285228,total,total,54.28225032902843,43.34386810933246,29.6422201081147
0.3223188009618929,0.43000293863636396,True,844.,7.319749840367436,4.16839478744399,1.2899341757693281,total,total,53.22997060040233,42.95417322687937,29.793355070653384
0.46976525640415207,0.6681618222415653,True,845.,7.7217861675163455,4.188875391442018,1.2856787857630854,total,total,54.01782063040954,43.131675738119604,29.970743439153846
0.5870599519618576,0.7535957982570386,True,846.,8.009105277174735,4.188429570903922,1.2639573094105796,total,total,54.57994007854616,43.413788727409845,29.728522692625695
0.4973373274835505,0.5116266631750119,True,847.,7.549930695434901,4.206816569724888,1.2520183391971837,total,total,54.825067391753215,43.40360324835103,29.79887856286624
0.633673233829328,0.6717654246611129,True,848.,7.305244797137892,4.1779893892901345,1.2736761154244718,total,total,53.560558247489745,43.10933141941664,29.720656775295165
0.3522196551819166,0.330700162175713,True,849.,8.934026843526434,4.19297793758641,1.2542099594058451,total,total,53.9575344782897,43.54857111956814,29.671855985138908
0.6653129791400952,0.8015843734235504,True,850.,7.260781889212061,4.19472441944661,1.2686120831911594,total,total,53.155214818833734,43.070295349871884,29.848045741054296
0.6616606461360787,0.5145914381506109,True,851.,8.892741431108657,4.201744112611677,1.256316048069741,total,total,53.11938711823743,43.41747717247828,29.790420717617668
0.4360080542881523,0.30869779084433174,True,852.,8.96892458395034,4.199189295952763,1.2730677559768004,total,total,53.69656044855459,43.37449853131017,29.94559724239284
0.47870085111825555,0.7016075146741161,True,853.,7.670390205754433,4.161797668955929,1.2547219289451192,total,total,53.964563128829774,43.37829819292414,29.33868455444613
0.540851148503684,0.5217445213295804,True,854.,7.48989415108855,4.191488646025353,1.2781399418149093,total,total,54.7704708990398,43.22342324292449,29.91683688891946
0.4428115993352746,0.35669275082617385,True,855.,8.398361379532234,4.190484347910378,1.27459082448091,total,total,54.419381531411545,43.381182010673506,29.867046639887672
0.3309719848028735,0.6507833038234994,True,856.,8.249089772724135,4.18750290014842,1.2664956404976475,total,total,54.91910035074124,43.46747122405448,29.746100081369438
0.46909737366886745,0.7916669436891941,True,857.,8.842865054221392,4.1794515760509885,1.2710613722567135,total,total,53.2061253725605,43.33781365471126,29.70809139966992
0.5729077755767494,0.568787278114721,True,858.,8.609796080508762,4.172938827107959,1.2575199983475667,total,total,54.335224253872184,43.56467414095382,29.48988305496781
0.33717387230269064,0.43438726143782774,True,859.,7.899734590382057,4.204685009278267,1.2812170428209115,total,total,54.08189561361162,43.17673520345494,30.095121325225968
0.6295772668665309,0.6860830982284964,True,860.,7.663720168724899,4.186807510859556,1.2674059128753368,total,total,54.286426766557426,43.29445186698618,29.74844407164991
0.35136984429998197,0.596031693880335,True,861.,7.889293740398511,4.170469285330287,1.2807785388973332,total,total,53.66505645688528,43.17884794765664,29.71610284114636
0.26020348950507016,0.44508462756726397,True,862.,8.759594171565245,4.197030323840597,1.287295821966308,total,total,54.69592496893049,43.359534911420454,30.077833273581216
0.676494337082993,0.5136902655370772,True,863.,8.76915394242595,4.203481154647837,1.258222686140595,total,total,54.66688570955078,43.58031243368117,29.830208844483106
0.5882641946131553,0.640042340237623,True,864.,8.538206087530865,4.187790632987408,1.2662334193080609,total,total,53.93226557311001,43.414893017205195,29.746378363017488
0.3672279159983914,0.44180536837758055,True,865.,8.367365221077776,4.1743876167895655,1.279119470341155,total,total,54.33212230190574,43.352881320636826,29.740739549384998
0.6082354856484643,0.7209973086832199,True,866.,8.52941460235878,4.162879714083317,1.287597682077769,total,total,53.98456181455412,43.30375489673006,29.707703846062937
0.3157653792671918,0.49822011722487136,True,867.,8.906527794259123,4.179648537667803,1.250323040288215,total,total,54.58629045298737,43.672202512047534,29.48459133741017
0.6679331013999245,0.6251915683495638,True,868.,8.943602059979133,4.208219063611783,1.258031687510608,total,total,53.42238127388698,43.43949168577755,29.87989727414611
0.3945148274068719,0.6490552611620585,True,869.,8.745714702088721,4.179105815658485,1.2777475412551997,total,total,53.23803076913334,43.27650901928716,29.777248558860144
0.5920172406459819,0.644169463608034,True,870.,7.112909560209279,4.188503633322717,1.2807945493796966,total,total,53.467462908192516,42.9912561359749,29.913222611311923
0.6246891055124549,0.4651903083775783,True,871.,7.909650816516663,4.1666863441706825,1.259272972613727,total,total,53.62476685678912,43.35852201100942,29.441034507399532
0.40361113482143773,0.41554946783651614,True,872.,7.092875301359787,4.18502823457271,1.259166250555088,total,total,53.4278875096951,43.132034356325384,29.63925359189593
0.5826420242494222,0.4335607153922318,True,873.,7.734408489700343,4.1778648889732,1.2710973199119167,total,total,54.59681941636687,43.329655074684545,29.691189153858176
0.5750918440483317,0.4837098661447437,True,874.,7.136319821290519,4.169910386430622,1.2559988121510548,total,total,53.12359689361067,43.16277012489468,29.440490631253258
0.614975036976641,0.7645047274533556,True,875.,8.103121851056338,4.198210437532077,1.2832359508787063,total,total,54.8835501769667,43.313544856135934,30.04625450902161
0.5397076592570764,0.857812697093114,True,876.,7.498178615825813,4.205348211719754,1.2761236872511774,total,total,53.503122377405525,43.07826512006305,30.04653417920798
0.5458414085991452,0.528887748211586,True,877.,8.50390787054856,4.187690383792732,1.28151509926857,total,total,54.43095559402665,43.3578273581013,29.912208615947808
0.3196465631546701,0.5237634284972632,True,878.,7.756526286826796,4.1837434441165895,1.2706154723792922,total,total,53.55912228716454,43.19499537917959,29.75003118995813
0.5599761817225923,0.8325194748865391,True,879.,7.867463642306418,4.205125615491786,1.2803226480420913,total,total,53.59132016174373,43.1280322712171,30.09014265190683
0.6643874072109015,0.4303176432840362,True,880.,8.366123425616987,4.197234156743091,1.262609432322996,total,total,53.53578999894478,43.35645167767006,29.80989201706606
0.5455686393702349,0.5146681406561744,True,881.,8.191353012098569,4.18016898848949,1.2858723072531464,total,total,54.73379536598102,43.31991801925386,29.87760744676384
0.468885014611489,0.5856907844474716,True,882.,8.437082897966246,4.205951836847467,1.2644922760693398,total,total,54.03873311586342,43.38891853964679,29.925758792546144
0.28476382178708937,0.5760842296326579,True,883.,7.466651928793848,4.206987686296889,1.2667151341924205,total,total,53.50173423875701,43.12464731060664,29.961422567032624
0.4287971731198762,0.7970031216745198,True,884.,8.594837455386108,4.165450071485496,1.2576325640786732,total,total,54.08952361619768,43.53348816753925,29.409825272157615
0.529538276866799,0.349537445197016,True,885.,8.99206041420328,4.162489244776039,1.2838225538772572,total,total,53.8563386913615,43.38666278876986,29.6623122081501
0.4095778960754824,0.36605530550994714,True,886.,8.010783755168866,4.180534795111433,1.2786393534831104,total,total,53.780282046036135,43.22141433177664,29.80258238468296
0.4631839247527587,0.628023778935246,True,887.,8.193280720637933,4.195600103928836,1.2513815636609726,total,total,54.09608314570429,43.46550436866408,29.66960928705945
0.37081220167377194,0.5332634385867272,True,888.,8.071660798406333,4.175834520361707,1.2767406150236895,total,total,53.490705874231075,43.2142170360931,29.730575607023077
0.59387544838559,0.3305710675631526,True,889.,7.021037896299104,4.176781581814431,1.273590409557136,total,total,53.85332752799115,43.0819481463545,29.706554844327666
0.6343830484402114,0.33376606979247603,True,890.,8.806672040509088,4.184249064792695,1.2877229878049352,total,total,53.63095140069276,43.270050731324275,29.942478144409524
0.33139810250946455,0.4134498490331738,True,891.,7.749154547096039,4.195037713441065,1.2889272550278466,total,total,54.904005477737684,43.198402561476726,30.07387177539422
0.6650784055891924,0.83984121226609,True,892.,7.192781239932931,4.185669385441888,1.2660574119445185,total,total,53.37668026342834,43.109775602163154,29.721325073341045
0.3268915789945325,0.4051369210679968,True,893.,8.983793077834111,4.168057073364996,1.2891106381543853,total,total,54.33976403192953,43.38833090673835,29.78067943164968
0.2794713577114792,0.772015621963996,True,894.,8.444825548230465,4.201403960794031,1.2586213436474778,total,total,54.632474163578976,43.49924866824165,29.811876325141586
0.2915003503440611,0.5621871843517856,True,895.,7.355876551429985,4.184220450323882,1.275778224875062,total,total,54.339806475861415,43.15894479171446,29.811585533174227
0.38288862223462256,0.5371348690124166,True,896.,8.359287524781648,4.208250911557341,1.2536365337878572,total,total,53.8547299685517,43.42473601344169,29.832214465619494
0.6252070983613389,0.6122644956974318,True,897.,7.254794564770831,4.174355793215434,1.2583079284100247,total,total,54.769670209710846,43.33807220901696,29.51383511226538
0.32471853574821974,0.31728415320217956,True,898.,8.147582049623017,4.1647100614579635,1.274445998373254,total,total,54.934216740563706,43.43170454477448,29.58441864319866
0.2626906425948324,0.7868798544631654,True,899.,7.277895426041986,4.185907939643794,1.285887917377721,total,total,54.65090038731982,43.09420754374874,29.94054990091782
0.6278550946983693,0.5228313218714662,True,900.,8.842396475679651,4.179119539045702,1.2725772101394763,total,total,54.385544451714864,43.49049288597086,29.720997445076247
0.6612488211239158,0.6897936636593209,True,901.,7.1831959327052335,4.199416690825506,1.2734650404915224,total,total,53.08767467114868,43.00772008355274,29.952434444983684
0.27444329826158753,0.5503104363543205,True,902.,8.926823909797033,4.208905172253276,1.262753287482782,total,total,53.47515991174546,43.38806870361775,29.939046300001177
0.6468444055298221,0.8381682474361916,True,903.,7.64202674174994,4.178364297095628,1.2532218413036391,total,total,54.36429647479322,43.41111643478126,29.502127978851064
0.5617080670310709,0.756278897921661,True,904.,8.948992569343648,4.1716735144064065,1.2729453446296886,total,total,54.563624931630564,43.5337810713943,29.643874520171508
0.5666906107667711,0.37130351125193695,True,905.,7.471760703778456,4.164575222780329,1.2566565425244705,total,total,54.734224210719894,43.40976330412804,29.389753853149795
0.37927910307536095,0.4116485002592333,True,906.,7.300082297710668,4.197554957240752,1.25183447414168,total,total,53.79655379412007,43.24994242276456,29.695845174862544
0.5169916961678876,0.30404243998677266,True,907.,8.000105289429406,4.189807413235057,1.258551363671124,total,total,53.71737489165958,43.35121884438631,29.684613361890616
0.35234621897230217,0.44192546622547957,True,908.,8.016508639820096,4.176085537241584,1.2510274092517202,total,total,54.45494490746809,43.503389312074525,29.453554933995235
0.6432047872002563,0.5461273753832412,True,909.,7.160715763527694,4.199241431546001,1.283144313581147,total,total,54.18332367814491,43.051025159442595,30.056553458373358
0.46765831686757336,0.729685591929059,True,910.,7.623455319070368,4.182257298242312,1.2544053109751359,total,total,53.80101929635833,43.32188990829847,29.55730032646306
0.6673671344952128,0.8116326423130946,True,911.,8.91912247303588,4.18023371001897,1.251847475936197,total,total,54.141534741479575,43.6208420294151,29.507506010808093
0.6287928586202948,0.4657235223513557,True,912.,7.929046350705484,4.171008801184703,1.2563728730574693,total,total,54.31350540981207,43.45567412600619,29.45647183789976
0.425926293748917,0.6179972227522587,True,913.,8.07257173642829,4.193483633957239,1.2758782930669623,total,total,54.97786577031261,43.36968116703168,29.913919888781887
0.30329889904741825,0.7265494748854561,True,914.,8.84153562345646,4.1718693731973255,1.268348074549573,total,total,54.635067389838404,43.54625869628681,29.595965878769782
0.28018515170318986,0.40983625314278677,True,915.,8.214726108961504,4.186912016534275,1.2827103400972435,total,total,53.0378218337366,43.11724666441615,29.916768724163322
0.45046317119388035,0.49755388614156487,True,916.,7.084920626893891,4.206579255522718,1.267653209173343,total,total,53.847275706650024,43.087830738487824,29.96722107753231
0.5766733590749012,0.4212804373346104,True,917.,8.306928983155162,4.191454794009443,1.2863484425127023,total,total,53.69909915081709,43.19748969350202,30.006328298052495
0.5368917477383347,0.3454148129170435,True,918.,8.58932939297695,4.1665769948625915,1.2888924040664342,total,total,54.92900496884037,43.414473911748495,29.762146362651023
0.3471429533493614,0.6868787921143944,True,919.,8.739184885223436,4.17070891907953,1.283830310249291,total,total,53.42564782207765,43.26599550704626,29.75199820428705
0.2945383140274185,0.5681448166835446,True,920.,7.2771551334571285,4.190920507821378,1.268857880317357,total,total,54.531532954181145,43.201522967365236,29.809180047586807
0.4399924259746254,0.5348159040534411,True,921.,7.503645251066974,4.202557504506719,1.273089321555187,total,total,53.5324628992165,43.10635675213006,29.982708163761828
0.3363133503804029,0.3347356715632904,True,922.,7.499140163876273,4.18645001177806,1.2899660886136215,total,total,54.243025972201494,43.08061123295278,29.991133304629226
0.48128811829146617,0.8479584336540765,True,923.,7.298341022388577,4.201604574793114,1.2644760637555195,total,total,54.58811946835863,43.23711056332392,29.878037547116236
0.5521836912823916,0.31211820197480195,True,924.,7.2062892400096015,4.183818291861914,1.2600966392802038,total,total,54.79991120228182,43.30413917060925,29.636209777512086
0.25017496211556944,0.616086800438017,True,925.,7.298282247659474,4.199844770419381,1.2783664084066486,total,total,54.712499603155884,43.14215506902425,30.010797719814477
0.5964545347372824,0.48134399663895117,True,926.,7.262245914232841,4.16148153866629,1.2893025085109107,total,total,53.14548640534074,42.96434417450123,29.71104672896146
0.36141872601679315,0.5486823344392187,True,927.,7.6250392126857,4.198962547619717,1.2815874348399297,total,total,53.78662469601324,43.097011470172745,30.036428110238436
0.443466403608998,0.4741233372534344,True,928.,7.947092628785136,4.184836810855452,1.2507722364982274,total,total,54.31047951431517,43.466866603906254,29.545845715673178
0.6814953923897955,0.8351859178820927,True,929.,8.968441000662867,4.188681805968937,1.283284072165436,total,total,54.40365594765102,43.415995235820915,29.942410571466883
0.5858283207925806,0.45017296133503176,True,930.,7.631428003545675,4.160795872133291,1.2898742024192609,total,total,54.47764769237861,43.18410062196609,29.709804261622725
0.24597571328185677,0.5148266634099873,True,931.,7.109828550047476,4.162396987532131,1.2888509782132405,total,total,53.408286973029405,42.937683329738384,29.716104384043046
0.7046309097405865,0.303882005884992,True,932.,7.441044599394797,4.177149164618009,1.2536574895122452,total,total,53.21789676968259,43.25482586354294,29.493660914545448
0.4594158072957003,0.7537179770584512,True,933.,8.744935031503328,4.181756295707009,1.2661706420700023,total,total,54.99443804773743,43.58147043508521,29.679907919356406
0.544234244605961,0.817301456703826,True,934.,7.038285084651884,4.182502338562428,1.262947706067514,total,total,53.661376977150226,43.123579442389385,29.652926188560244
0.37132560789443275,0.6736793619819843,True,935.,8.220650228907878,4.1921766246689085,1.2693668454234484,total,total,53.728746287721926,43.2953843962302,29.828457075708464
0.31348515603084653,0.43425781922141166,True,936.,7.644806508891891,4.172314175608638,1.2862413621877284,total,total,53.7457975347736,43.09862419688355,29.795828559207376
0.5305806728720215,0.569161147562828,True,937.,8.076154718269299,4.190398808256638,1.2787031464437717,total,total,54.181230317462976,43.269532083682655,29.911076190907842
0.45578501283620393,0.6138276724196504,True,938.,7.512871541757061,4.160302730656251,1.2753098265402238,total,total,53.192564169747605,43.112728347621925,29.545883871951997
0.6456470728206217,0.2953725846471869,True,939.,7.0497463667996465,4.163249830287876,1.2572233182038424,total,total,54.54160684222369,43.29431955776596,29.381529153519725
0.49393733080571617,0.6345009906218521,True,940.,8.504003527347074,4.204472485470322,1.2768017873631046,total,total,54.01747571431147,43.31035930346925,30.044367654025603
0.25935211698634664,0.8437189727065164,True,941.,7.621031739984349,4.198361449218885,1.2828837729571343,total,total,54.972897977064555,43.20779901788478,30.04404918562744
0.4132396742941447,0.4469584564782418,True,942.,8.818615954079693,4.185031228752469,1.2518140029180986,total,total,53.3617664970481,43.48824619417603,29.55928607313898
0.4361431327153525,0.29192068243129465,True,943.,7.047856519207945,4.177786925786488,1.2588229025124875,total,total,53.86256891542968,43.18240697211919,29.55672642515701
0.4888215699836351,0.748725335688172,True,944.,8.376864727826087,4.193827811685995,1.2727782428597827,total,total,54.55784990443916,43.400036483720626,29.88378175559655
0.5964142444286412,0.8157982301565379,True,945.,7.215358268794766,4.192210083043984,1.274613175854872,total,total,54.78568189564688,43.18680856358962,29.886156544037508
0.5250732028672256,0.3537855255293945,True,946.,7.942197094746646,4.2021163587108585,1.2790329110226344,total,total,54.19153179602706,43.228974311211296,30.0429973171
0.3073134698745438,0.3606541881602022,True,947.,7.624283949607888,4.164254112593066,1.278924992387615,total,total,53.95446658238768,43.18320370983031,29.628198768898287
0.3074414317718598,0.746605436067294,True,948.,8.156588585840485,4.163036548943074,1.2634804743063297,total,total,54.66942683052183,43.47921910485983,29.44708700361557
0.6787996573642808,0.8384851824826886,True,949.,8.428542150428457,4.181024759752273,1.250758408459994,total,total,54.944169137689926,43.644343182687074,29.5042683864741
0.4720450986832014,0.6079976207762166,True,950.,8.772204773434211,4.1722643133062505,1.2598099736261161,total,total,54.97524067761002,43.64858939678241,29.50743105875178
0.5811051853048698,0.7759152483228259,True,951.,7.149629076410569,4.170838999493583,1.2737146367279133,total,total,54.3583989826679,43.161932776623935,29.643164297692714
0.6405044482095122,0.36141776801076336,True,952.,8.59412452133194,4.194310768144703,1.2708256850400557,total,total,53.849334670945865,43.37481647289092,29.86771645192888
0.7057884196919749,0.5230172968959941,True,953.,8.117324315703012,4.208625048785263,1.2847836782314919,total,total,53.86202725356283,43.17775124630261,30.177539442063843
0.24709656697063284,0.37768658466429583,True,954.,7.204251971365059,4.200096225763266,1.2828753393150474,total,total,54.95950680938501,43.116408350125376,30.062977183457335
0.24700810964058895,0.5596387827942758,True,955.,8.092519239681385,4.171013377664492,1.265578085522169,total,total,53.35770401011456,43.28338049087443,29.556526737594073
0.4582359687679542,0.6939862980826448,True,956.,7.990305188879364,4.185207320930607,1.2601743211310563,total,total,53.164032964120885,43.270519512236085,29.652181227702172
0.6685866461508377,0.5614111572190897,True,957.,7.294408730366346,4.179413975677996,1.2783420529275777,total,total,54.4090027556661,43.16525948543429,29.787100867780495
0.6722019179049669,0.7843110629920068,True,958.,8.140465352064286,4.203241450733586,1.2802350360813344,total,total,54.855105264659066,43.3342183129909,30.0685143814521
0.37620101722709576,0.7102383377041213,True,959.,7.41122678496347,4.161719739105476,1.2647063788268635,total,total,54.557453680148946,43.307183443563915,29.446100413378243
0.43940201127986717,0.3711437843945387,True,960.,7.363833823604176,4.2004257165559125,1.2622422061928218,total,total,53.96441156706701,43.20804883320473,29.84074083422797
0.29413991710669424,0.7315955179258987,True,961.,8.302741982963509,4.192110595797435,1.2746967537415679,total,total,53.98876587486872,43.29693873988127,29.885982596973662
0.40972156901342743,0.7876481482326313,True,962.,8.697286527788034,4.2040973396079035,1.2585160610983999,total,total,54.79725707428213,43.56455037074793,29.84014516557608
0.2480233577033044,0.3426361121634483,True,963.,7.63146047099136,4.171771001906761,1.2574990075800854,total,total,54.77876123807568,43.41436044273389,29.476972835913294
0.6652385682471924,0.4481348862301903,True,964.,7.0895142471074415,4.182053305482703,1.2711019374971533,total,total,54.09892019647627,43.136761370628854,29.7369021040387
0.6423212836474418,0.6365179834897895,True,965.,7.730900256118082,4.188155567889606,1.2831088856520858,total,total,54.87062490058885,43.25861233808889,29.93473472058886
0.29636701646238034,0.842144637445197,True,966.,8.689237238255132,4.162769175367164,1.2605621748647176,total,total,53.17541140219575,43.40786538543353,29.412522934407967
0.3290395493213945,0.3903222543357392,True,967.,8.201020227064696,4.171018361706555,1.2781230983764367,total,total,54.20398918863075,43.31926952266172,29.693142651995394
0.25441102277846195,0.517421128760874,True,968.,7.655999942936335,4.183385526918101,1.2549598289813604,total,total,53.92003100556913,43.32566311824474,29.575600210033237
0.522167663397789,0.33087005953746595,True,969.,8.875256151632831,4.179365372124411,1.2869394531867575,total,total,54.70096159986855,43.42536171235913,29.880488443220166
0.27741929792933945,0.3411573218533929,True,970.,8.165360409635367,4.16591134638407,1.2712209799373115,total,total,53.66426612350303,43.30439608727415,29.56240793392896
0.5155342943168006,0.3534319595467251,True,971.,8.849580325452635,4.163566594239823,1.284336527484091,total,total,53.64082610718167,43.3312019880032,29.679648423689166
0.4005365383086984,0.5779799822122518,True,972.,7.338239481083679,4.163480756298091,1.285756253808065,total,total,54.006344739441,43.08271126107138,29.694183992310677
0.31881364582274546,0.41050669963876946,True,973.,7.062797386332057,4.192733943548742,1.2722949063659958,total,total,54.575091836208145,43.132903705079386,29.866540330400404
0.38039216420758865,0.8466818031379676,True,974.,8.763983514151189,4.193499172583088,1.2832904837383357,total,total,54.68487349669687,43.39631412285532,29.99522493958934
0.29915404584021976,0.6582825633362197,True,975.,7.3334528580793235,4.199285592401126,1.2744662649209852,total,total,54.21422220548542,43.12916468384257,29.96195939553726
0.37429423159509984,0.6848757364768053,True,976.,8.868933147374314,4.191053271052377,1.2851934934185887,total,total,53.49268393812756,43.25054884182245,29.989278625378727
0.6957307063788635,0.6200689346359005,True,977.,8.013639062044255,4.1686220538643415,1.2698625158264327,total,total,54.083953678942805,43.35344048791134,29.577114414764647
0.46064457755120436,0.37476748993114056,True,978.,7.44926932321448,4.182019166639318,1.2747203195748438,total,total,54.1090109290238,43.17877418045125,29.776005820408788
0.5584314118143963,0.747623383750517,True,979.,7.536255396166916,4.166436949327863,1.2555061280681254,total,total,54.38412150104337,43.38720165122988,29.397466734522276
0.25175788068207655,0.47012310360484244,True,980.,7.042683886684533,4.200339297936628,1.2861789148966862,total,total,53.78982954866994,42.93542256349863,30.10188209975166
0.3661382930348715,0.4045652616465985,True,981.,8.225251673314212,4.197753128024604,1.2641407048678495,total,total,53.77500416746475,43.33398256641573,29.832284241788617
0.5156176986522326,0.7019148085234519,True,982.,7.889202826763874,4.199154245259162,1.2806900533815273,total,total,54.119638843258066,43.19843507893481,30.028693537344875
0.5134892506043871,0.6210668727160807,True,983.,7.03569024579393,4.1986778343140765,1.2690767502969884,total,total,54.819231339725974,43.17542203508465,29.896340197535316
0.5863698608395139,0.8467713621393657,True,984.,7.507004913310492,4.170479014491496,1.257519558382702,total,total,53.97523053173575,43.31733564842029,29.463168507124333
0.6406774304902358,0.5326973228748432,True,985.,7.31456599575303,4.163999251438337,1.259064314746946,total,total,53.77231006426868,43.260230395803326,29.409618442886245
0.43239529624209244,0.3763728343232719,True,986.,7.7277082361282865,4.160959329320697,1.2767885478809797,total,total,54.24750696088725,43.26480495150922,29.56910197601134
0.7069555714158272,0.5124675727409984,True,987.,8.46190685431506,4.162982658197646,1.2656866290126942,total,total,54.82780170146613,43.56339238070904,29.470450229900823
0.3551069258434546,0.8449026277155597,True,988.,8.060366372975409,4.1934556420153095,1.2800113936062154,total,total,53.18454564689779,43.11933911609762,29.95884139003548
0.6970396075258712,0.6201988623826543,True,989.,8.895028582970355,4.19319659353998,1.2670959044964847,total,total,54.031500242392056,43.472263941832686,29.814794164113295
0.6058778657388626,0.8377830409813064,True,990.,8.129237255809382,4.160211099370135,1.255000072806561,total,total,54.331378059171655,43.51689299545711,29.324512039267297
0.6125348164578884,0.6571615974752126,True,991.,8.037118022911244,4.195793571602126,1.2554763898255779,total,total,54.38408663652325,43.44920290918998,29.716344192363998
0.3115987848670118,0.42728732939124753,True,992.,8.626742441273269,4.174434297612159,1.260631671544572,total,total,53.63336146365845,43.44204223645125,29.539942089085592
0.2590070647236238,0.5867172592003332,True,993.,7.789281499450778,4.171794088424424,1.2622879876524706,total,total,54.972561420041565,43.432495122238024,29.52924800954017
0.36902095002256796,0.3256080147669687,True,994.,8.892130859165167,4.171262595373502,1.2559064724366353,total,total,53.08489345998211,43.455101110725366,29.454164090595153
0.2930916148425457,0.5247067873000603,True,995.,8.671349928950528,4.182145920225493,1.2609472454741033,total,total,53.16611158392502,43.3714665163666,29.627263210485655
0.29348172884767704,0.7143970047190827,True,996.,8.87619111748518,4.180835962334504,1.2659719540476573,total,total,54.069350087650555,43.481744567631715,29.667716477963378
0.28830412851323645,0.47384591957953415,True,997.,7.931715882910996,4.180594839392505,1.2790056691597287,total,total,54.59894029482473,43.29016530718164,29.807237712983802
0.4040724719686184,0.49538799839998027,True,998.,7.92452909087652,4.19495117063139,1.2677488608790728,total,total,54.489499020613934,43.34276667637681,29.84109163426441
0.5837835431807601,0.7057741930032587,True,999.,7.7622152719352595,4.163655737347162,1.2632140103392178,total,total,53.61097785469468,43.299253869362325,29.450915258353636
0.3259501413606483,0.6175013505848898,True,1000.,8.316283480503628,4.190570437557814,1.2573280074231628,total,total,53.58361338268515,43.38205769762905,29.679597466826145
